ISIN,Name,Country,Region
AN8068571086,SCHLUMBERGER,US,AMER
ARALUA010258,ALUAR,AR,EM
ARP125991090,BANCO BBVA ARGENTINA,AR,EM
ARSIDE010029,TERNIUM ARGENTINA SOCIEDAD ANONIMA,AR,EM
AT000000STR1,STRABAG SE,AT,EUR
AT00000VIE62,FLUGHAFEN WIEN,AT,EUR
AT0000606306,RAIFFEISEN BANK INTL.,AT,EUR
AT0000652011,ERSTE GROUP BANK,AT,EUR
AT0000720008,TELEKOM AUSTRIA,AT,EUR
AT0000730007,ANDRITZ,AT,EUR
AT0000743059,OMV,AT,EUR
AT0000746409,VERBUND,AT,EUR
AT0000831706,WIENERBERGER,AT,EUR
AT0000908504,VIENNA INSURANCE GROUP A,AT,EUR
AT0000937503,VOESTALPINE,AT,EUR
AT0000938204,MAYR-MELNHOF KARTON,AT,EUR
AT0000A21KS2,IMMOFINANZ,AT,EUR
AU000000ABC7,ADBRI DEAD - DELIST.02/07/24,AU,PAC
AU000000ALL7,ARISTOCRAT LEISURE,AU,PAC
AU000000AMP6,AMP,AU,PAC
AU000000ANN9,ANSELL,AU,PAC
AU000000ANZ3,ANZ GROUP HOLDINGS,AU,PAC
AU000000APA1,APA GROUP,AU,PAC
AU000000ASX7,ASX,AU,PAC
AU000000BEN6,BENDIGO & ADELAIDE BANK,AU,PAC
AU000000BHP4,BHP GROUP,AU,PAC
AU000000BLD2,BORAL DEAD - DELIST.08/07/24,AU,PAC
AU000000BOQ8,BANK OF QLND.,AU,PAC
AU000000BPT9,BEACH ENERGY,AU,PAC
AU000000BSL0,BLUESCOPE STEEL,AU,PAC
AU000000BWP3,BWP TRUST,AU,PAC
AU000000CBA7,COMMONWEALTH BK.OF AUS.,AU,PAC
AU000000CGF5,CHALLENGER,AU,PAC
AU000000CIM7,CIMIC GROUP DEAD - DELIST.11/05/22,AU,PAC
AU000000COH5,COCHLEAR,AU,PAC
AU000000CPU5,COMPUTERSHARE,AU,PAC
AU000000CQR9,CHARTER HALL RETAIL REIT,AU,PAC
AU000000CSL8,CSL,AU,PAC
AU000000CSR5,CSR DEAD - DEAD.10/07/24,AU,PAC
AU000000CWY3,CLEANAWAY WASTE MANAGEMENT,AU,PAC
AU000000DOW2,DOWNER EDI,AU,PAC
AU000000DXS1,DEXUS STAPLED UNITS,AU,PAC
AU000000ELD6,ELDERS,AU,PAC
AU000000ERA9,ENERGY RES.OF AUS.,AU,PAC
AU000000FLT9,FLIGHT CENTRE TRAVEL GP.,AU,PAC
AU000000GMG2,GOODMAN GROUP,AU,PAC
AU000000GPT8,GPT GROUP STAPLED UNITS,AU,PAC
AU000000GWA4,GWA GROUP,AU,PAC
AU000000HIL8,HILLS DEAD - DELIST.29/08/23,AU,PAC
AU000000HVN7,HARVEY NORMAN HOLDINGS,AU,PAC
AU000000IAG3,INSURANCE AUS.GROUP,AU,PAC
AU000000IFL2,INSIGNIA FINANCIAL,AU,PAC
AU000000IGO4,IGO,AU,PAC
AU000000ILU1,ILUKA RESOURCES,AU,PAC
AU000000IPL1,INCITEC PIVOT,AU,PAC
AU000000IRE2,IRESS,AU,PAC
AU000000IVC8,INVOCARE DEAD - DELIST.27/11/23,AU,PAC
AU000000JBH7,JB HI-FI,AU,PAC
AU000000JHX1,JAMES HARDIE INDUSTRIES CDI,IE,EUR
AU000000LLC3,LENDLEASE GROUP STAPLED UNITS,AU,PAC
AU000000MAH3,MACMAHON HOLDINGS,AU,PAC
AU000000MGR9,MIRVAC GROUP STAPLED UNITS,AU,PAC
AU000000MGX7,MOUNT GIBSON IRON,AU,PAC
AU000000MND5,MONADELPHOUS GROUP,AU,PAC
AU000000MQG1,MACQUARIE GROUP,AU,PAC
AU000000MTS0,METCASH,AU,PAC
AU000000NAB4,NATIONAL AUS.BANK,AU,PAC
AU000000NCM7,NEWCREST MINING DEAD - DELIST.08/11/23,AU,PAC
AU000000ORG5,ORIGIN ENERGY (EX BORAL),AU,PAC
AU000000ORI1,ORICA,AU,PAC
AU000000OZL8,OZ MINERALS DEAD - DELIST.03/05/23,AU,PAC
AU000000PPT9,PERPETUAL,AU,PAC
AU000000QAN2,QANTAS AIRWAYS,AU,PAC
AU000000QBE9,QBE INSURANCE GROUP,AU,PAC
AU000000RHC8,RAMSAY HEALTH CARE,AU,PAC
AU000000SBM8,ST BARBARA,AU,PAC
AU000000SDG6,SUNLAND GROUP DEAD - DELIST.30/10/23,AU,PAC
AU000000SEK6,SEEK,AU,PAC
AU000000SGM7,SIMS,AU,PAC
AU000000SGP0,STOCKLAND STAPLED UNITS,AU,PAC
AU000000SHL7,SONIC HEALTHCARE,AU,PAC
AU000000SIG5,SIGMA HEALTHCARE,AU,PAC
AU000000STO6,SANTOS,AU,PAC
AU000000SUN6,SUNCORP GROUP,AU,PAC
AU000000SWM4,SEVEN WEST MEDIA,AU,PAC
AU000000SXL4,SOUTHERN CROSS MEDIA GROUP,AU,PAC
AU000000TAH8,TABCORP HOLDINGS,AU,PAC
AU000000TCL6,TRANSURBAN GROUP STAPLED UNITS,AU,PAC
AU000000TLS2,TELSTRA GROUP,AU,PAC
AU000000WBC1,WESTPAC BANKING,AU,PAC
AU000000WES1,WESFARMERS,AU,PAC
AU000000WOR2,WORLEY,AU,PAC
AU000000WOW2,WOOLWORTHS GROUP,AU,PAC
AU0000032187,A2B AUSTRALIA DEAD - DELIST.12/04/24,AU,PAC
AU0000033359,HEALIUS,AU,PAC
AU0000038911,OVATO DEAD - DELIST.29/08/22,AU,PAC
AU0000088338,AMPOL,AU,PAC
AU0000224040,WOODSIDE ENERGY GROUP,AU,PAC
BE0003470755,SOLVAY,BE,EUR
BE0003565737,KBC GROUP,BE,EUR
BE0003593044,COFINIMMO,BE,EUR
BE0003717312,SOFINA,BE,EUR
BE0003735496,ORANGE BELGIUM,BE,EUR
BE0003739530,UCB,BE,EUR
BE0003755692,AGFA-GEVAERT,BE,EUR
BE0003797140,GBL NEW,BE,EUR
BE0003810273,PROXIMUS,BE,EUR
BE0003822393,ELIA GROUP,BE,EUR
BE0974256852,COLRUYT GROUP,BE,EUR
BE0974258874,BEKAERT (D),BE,EUR
BE0974264930,AGEAS (EX-FORTIS),BE,EUR
BE0974271034,VIOHALCO,BE,EUR
BE0974293251,ANHEUSER-BUSCH INBEV,BE,EUR
BE0974320526,UMICORE,BE,EUR
BE0974338700,TITAN CEMENT,BE,EUR
BMG0450A1053,ARCH CAP.GP.,BM,Other
BMG0692U1099,AXIS CAPITAL HDG.,BM,Other
BMG2108M2182,CHINESE ESTATES HDG.,HK,PAC
BMG211591018,CHINA YURUN FOOD GROUP,CN,EM
BMG2178K1009,CKI HOLDINGS,HK,PAC
BMG2442N1048,COSCO SHIPPING PORTS,HK,PAC
BMG2624N1535,DFI RETAIL GROUP HOLDINGS,HK,PAC
BMG3122U1457,ESPRIT HOLDINGS,HK,PAC
BMG3223R1088,EVEREST GROUP,BM,Other
BMG420981224,GUOCO GROUP,BM,Other
BMG4587L1090,HONG KONG LAND HDG.,BM,Other
BMG4593F1389,HISCOX DI,BM,Other
BMG4600H1198,HOPSON DEVELOPMENT HOLDINGS,HK,PAC
BMG4639H1227,HUABAO INTL.HDG.,HK,PAC
BMG507361001,JARDINE MATHESON HDG.,HK,PAC
BMG524401079,KERRY PROPERTIES,HK,PAC
BMG5320C1082,KUNLUN ENERGY,HK,PAC
BMG6359F1370,NABORS INDUSTRIES,BM,Other
BMG668971101,CTF SERVICES,HK,PAC
BMG677491539,ORIENT OVERSEAS (INTL.),HK,PAC
BMG684371393,PACIFIC BASIN SHIP.,HK,PAC
BMG7496G1033,RENAISSANCERE HDG.,BM,Other
BMG7997W1029,SEADRILL,BM,Other
BMG8063F1068,SHANGRI-LA ASIA,HK,PAC
BMG812761002,SIGNET JEWELERS,BM,Other
BMG8403G1033,SINOFERT HOLDINGS,HK,PAC
BMG850801025,STOLT-NIELSEN,GB,EUR
BMG9031M1082,TRANSPORT INTL.HDG.,BM,Other
BMG9460G1015,VALARIS,BM,Other
BMG9618E1075,WHITE MOUNTAINS IN.GP.,US,AMER
BMG988031446,YUE YUEN INDL.HDG.,HK,PAC
BRABEVACNOR1,AMBEV ON,BR,EM
BRBBASACNOR3,BANCO DO BRASIL ON,BR,EM
BRBBDCACNPR8,BANCO BRADESCO PN,BR,EM
BRBRFSACNOR8,BRF BRASIL FOODS ON,BR,EM
BRBRKMACNPA4,BRASKEM PN A,BR,EM
BRCCROACNOR2,CMPH.COCS. RODOVIARIAS ON,BR,EM
BRCESPACNPB4,CMPH.ENGT.DE SAOP.B PN DEAD - DELIST.29/03/22,BR,EM
BRCMIGACNPR3,CIA ENERGETICA DE MINAS GERAIS PN,BR,EM
BRCPFEACNOR0,CPFL ENERGIA ON,BR,EM
BRCPLEACNPB9,CIA PARANAENSE DE ENERGIA COPEL PN B,BR,EM
BRCSANACNOR6,COSAN INDUSTRIA E COMERCIO ON,BR,EM
BRCSNAACNOR6,COMPANHIA SIDERURGICA NACIONAL ON,BR,EM
BRCYREACNOR7,CYRELA BRAZIL REALTY ON,BR,EM
BRDXCOACNOR8,DEXCO ON,BR,EM
BREGIEACNOR9,ENGIE BRASIL ENERGIA ON,BR,EM
BRELETACNPB7,CENTRAIS ELETR BRAS- ELETROBRAS PN B,BR,EM
BREMBRACNOR4,EMBRAER ON,BR,EM
BRGFSAACNOR3,GAFISA ON,BR,EM
BRGGBRACNPR8,GERDAU PN,BR,EM
BRGOAUACNPR8,METALURGICA GERDAU PN,BR,EM
BRGOLLACNPR4,GOL LINHAS AEREAS INTELIGENTES PN,BR,EM
BRITSAACNPR7,ITAUSA INVESTIMENTOS ITAU PN,BR,EM
BRITUBACNPR1,ITAU UNIBANCO HOLDING PN,BR,EM
BRKLBNACNPR9,KLABIN PN,BR,EM
BRLIGTACNOR2,LIGHT ON,BR,EM
BRPCARACNOR3,CMPBRA.DE DISTB.ON,BR,EM
BRPETRACNPR6,PETROLEO BRASILEIRO PN,BR,EM
BRRENTACNOR4,LOCALIZA RENT A CAR ON,BR,EM
BRSBSPACNOR5,CPAD.SANMT.BASICO DE SAOP.ON,BR,EM
BRSUZBACNOR0,SUZANO ON,BR,EM
BRUSIMACNPA6,USINAS SIDERURGICAS DE MINAS GERAIS PN A,BR,EM
BRVALEACNOR0,VALE ON,BR,EM
BRVIVTACNOR0,TELEFONICA BRASIL ON,BR,EM
BRWEGEACNOR0,WEG ON,BR,EM
CA00208D4084,ARC RESOURCES,CA,AMER
CA0084741085,AGNICO-EAGLE MNS. (NYS),CA,AMER
CA00900Q1037,AIMIA,CA,AMER
CA01626P1484,ALIMENTATION COUCHE TARD,CA,AMER
CA05534B7604,BCE,CA,AMER
CA0585861085,BALLARD PWR.SYS. (NAS),CA,AMER
CA0636711016,BANK OF MONTREAL,CA,AMER
CA0641491075,BK.OF NOVA SCOTIA,CA,AMER
CA0679011084,BARRICK GOLD (NYS),CA,AMER
CA0717341071,BAUSCH HEALTH (NYS) COMPANIES,CA,AMER
CA09228F1036,BLACKBERRY (NYS),CA,AMER
CA0977518616,BOMBARDIER 'B',CA,AMER
CA11271J1075,BROOKFIELD A (NYS),CA,AMER
CA1247651088,CAE,CA,AMER
CA12532H1047,CGI A,CA,AMER
CA1254911003,CI FINANCIAL,CA,AMER
CA13321L1085,CAMECO,CA,AMER
CA1360691010,CANADIAN IMP.BK.COM.,CA,AMER
CA1363751027,CANADIAN NATIONAL RY.,CA,AMER
CA1363851017,CANADIAN NATURAL RES.,CA,AMER
CA13646K1084,CANADIAN PACIFIC KANSAS CITY,CA,AMER
CA1366812024,CANADIAN TIRE 'A',CA,AMER
CA1367178326,CANADIAN UTILITIES 'A',CA,AMER
CA2849025093,ELDORADO GOLD,CA,AMER
CA2918434077,EMPIRE 'A',CA,AMER
CA29250N1050,ENBRIDGE,CA,AMER
CA2927661025,ENERPLUS DEAD - DELIST.04/06/24,CA,AMER
CA2935701078,ENSIGN EN.SVS.,CA,AMER
CA3039011026,FAIRFAX FINL.HDG.,CA,AMER
CA3180714048,FINNING INTL.,CA,AMER
CA3359341052,FIRST QUANTUM MRLS.,CA,AMER
CA3495531079,FORTIS,CA,AMER
CA3518581051,FRANCO-NEVADA,CA,AMER
CA3759161035,GILDAN ACTIVEWEAR,CA,AMER
CA39138C1068,GREAT WEST LIFECO,CA,AMER
CA4495861060,IGM FINL.,CA,AMER
CA4530384086,IMPERIAL OIL,CA,AMER
CA45823T1066,INTACT FINANCIAL,CA,AMER
CA4969024047,KINROSS GOLD (NYS),CA,AMER
CA5394811015,LOBLAW,CA,AMER
CA5592224011,MAGNA INTL.,CA,AMER
CA56501R1064,MANULIFE FINANCIAL,CA,AMER
CA59151K1084,METHANEX,CA,AMER
CA59162N1096,METRO,CA,AMER
CA6330671034,NATIONAL BANK OF CANADA,CA,AMER
CA67077M1086,NUTRIEN,CA,AMER
CA6744822033,OBSIDIAN ENERGY,CA,AMER
CA68272K1030,ONEX,CA,AMER
CA6837151068,OPEN TEXT (NAS),CA,AMER
CA6979001089,PAN AMERICAN SILVER,CA,AMER
CA7392391016,POWER CORP.CANADA,CA,AMER
CA74022D4075,PRECISION DRILLING,CA,AMER
CA74935Q1072,RB GLOBAL (NYS),US,AMER
CA7669101031,RIOCAN REIT.TST.,CA,AMER
CA7751092007,ROGERS COMMS.'B',CA,AMER
CA7800871021,ROYAL BANK OF CANADA,CA,AMER
CA8029121057,SAPUTO,CA,AMER
CA82028K2002,SHAW COMMS.'B' DEAD - DELIST.05/04/23,CA,AMER
CA8239011031,SHERRITT INTL.RESTRCTD VTG,CA,AMER
CA85472N1096,STANTEC,CA,AMER
CA8667961053,SUN LIFE FINL.,CA,AMER
CA8672241079,SUNCOR ENERGY,CA,AMER
CA8676EP1086,SUNOPTA (NAS),US,AMER
CA87807B1076,TC ENERGY,CA,AMER
CA8787422044,TECK RESOURCES SUBORDINATE VOTING B,CA,AMER
CA87971M1032,TELUS,CA,AMER
CA8849038085,THOMSON REUTERS (NYS),CA,AMER
CA8911605092,TORONTO-DOMINION BANK,CA,AMER
CA89346D1078,TRANSALTA,CA,AMER
CA8959451037,TRICAN WELL SER.,CA,AMER
CA9611485090,WESTON GEORGE,CA,AMER
CA98462Y1007,YAMANA GOLD DEAD - DELIST.04/04/23,CA,AMER
CA9855721069,YELLOW PAGES,CA,AMER
CH0000816824,OC OERLIKON CORPORATION,CH,EUR
CH0008038389,SWISS PRIME SITE,CH,EUR
CH0008742519,SWISSCOM 'R',CH,EUR
CH0010570759,CHOCOLADEFABRIKEN LINDT & SPRUENGLI,CH,EUR
CH0010645932,GIVAUDAN 'N',CH,EUR
CH0011075394,ZURICH INSURANCE GROUP,CH,EUR
CH0011432447,BASILEA PHARMACEUTICA 'R',CH,EUR
CH0012005267,NOVARTIS 'R',CH,EUR
CH0012032048,ROCHE HOLDING,CH,EUR
CH0012138530,CREDIT SUISSE GROUP DEAD - DELIST.14/06/23,CH,EUR
CH0012138605,ADECCO GROUP,CH,EUR
CH0012142631,CLARIANT,CH,EUR
CH0012214059,HOLCIM,CH,EUR
CH0012221716,ABB LTD N,CH,EUR
CH0012255151,THE SWATCH GROUP,CH,EUR
CH0012268360,KUDELSKI 'B',CH,EUR
CH0012410517,BALOISE HOLDING,CH,EUR
CH0012549785,SONOVA N,CH,EUR
CH0013841017,LONZA GROUP,CH,EUR
CH0014786500,VALIANT 'R',CH,EUR
CH0014852781,SWISS LIFE HOLDING,CH,EUR
CH0018294154,PSP SWISS PROPERTY AG,CH,EUR
CH0022268228,EFG INTERNATIONAL N,CH,EUR
CH0024608827,PARTNERS GROUP HOLDING,CH,EUR
CH0024638212,SCHINDLER 'R',CH,EUR
CH0025238863,KUEHNE UND NAGEL INTERNATIONAL,CH,EUR
CH0025751329,LOGITECH 'R',CH,EUR
CH0030170408,GEBERIT 'R',CH,EUR
CH0038388911,SULZER 'R',CH,EUR
CH0038863350,NESTLE 'N',CH,EUR
CH0044328745,CHUBB,CH,EUR
CH0048265513,TRANSOCEAN,CH,EUR
CH0102484968,JULIUS BAER GRUPPE,CH,EUR
CH0114405324,GARMIN,CH,EUR
CH0126881561,SWISS RE,CH,EUR
CH0198251305,COCA-COLA HBC,CH,EUR
CH0210483332,RICHEMONT N,CH,EUR
CH0244767585,UBS GROUP,CH,EUR
CH0319416936,FLUGHAFEN ZURICH,CH,EUR
CH0418792922,SIKA,CH,EUR
CH1169151003,GEORG FISCHER,CH,EUR
CH1175448666,STRAUMANN HLDG.,CH,EUR
CH1216478797,DSM FIRMENICH,CH,EUR
CH1256740924,SGS 'N',CH,EUR
CL0000000035,AGUAS ANDINAS,CL,EM
CL0000000100,CENCOSUD,CL,EM
CL0000000423,LATAM AIRLINES GROUP,CL,EM
CL0000001256,INVERSIONES AGUAS METROPOLITANAS,CL,EM
CL0000001314,EMPRESAS CMPC,CL,EM
CL0002694637,AES ANDES DEAD - DELIST.18/04/24,CL,EM
CL0002841873,BANCO ITAU CHILE,CL,EM
CLP0362E1386,ANTAR CHILE,CL,EM
CLP0939W1081,BANCO DE CHILE,CL,EM
CLP1506A1070,BANCO SANTANDER CHILE,CL,EM
CLP249051044,COMPANIA CERVECERIAS UNIDAS,CL,EM
CLP256251073,CAP,CL,EM
CLP321331116,BANCO DE CREDITO E INVERSION,CL,EM
CLP3615W1037,COLBUN MACHICURA,CL,EM
CLP3697S1034,EMBOTELLADORA ANDINA SERIES B,CL,EM
CLP3710M1090,ENEL GENERACION CHILE,CL,EM
CLP371151059,EMPRESA NACIONAL DE TELECOMUNICA,CL,EM
CLP371861061,ENEL AMERICAS,CL,EM
CLP3880F1085,FALABELLA SACI,CL,EM
CLP7847L1080,EMPRESAS COPEC,CL,EM
CLP7980K1070,QUINENCO,CL,EM
CLP9796J1008,VINA CONCHA Y TORO,CL,EM
CNE0000000T2,CHINA VANKE 'A',CN,EM
CNE000000644,CHINA INTL.MAR.CTRS. (GP.) 'A',CN,EM
CNE0000009S5,SHAI.LJZ.FN&T.ZONE DEV. 'A',CN,EM
CNE000000HW5,GUANGDONG ELEC.PWR.DEV. 'B',CN,EM
CNE000000RN3,BENGANG STL.PLATES 'B',CN,EM
CNE000000SJ9,SHAI.ZHENHUA HEAVY IND. 'B',CN,EM
CNE000000SK7,INNER MONGOLIA YITAI COAL 'B',CN,EM
CNE000000T59,YANTAI CHANGYU PION.WINE 'B',CN,EM
CNE000000TK5,ZTE 'A',CN,EM
CNE000000TR0,CHINA EASTERN AIRL. 'A',CN,EM
CNE000001B33,CHINA MERCHANTS BANK 'A',CN,EM
CNE100000114,CHINA MOLYBDENUM 'H',CN,EM
CNE100000171,SHANDONG WEIGAO GP MEDICAL POLYMER 'H',CN,EM
CNE1000001Q4,CHINA CITIC BANK 'H',CN,EM
CNE1000001S0,AIR CHINA 'H',CN,EM
CNE1000001T8,ALUMINUM CORPORATION OF CHINA 'H',CN,EM
CNE1000001V4,ANGANG STEEL 'H',CN,EM
CNE1000001W2,ANHUI CONCH CEMENT 'H',CN,EM
CNE1000001X0,ANHUI EXPRESSWAY 'H',CN,EM
CNE1000001Z5,BANK OF CHINA 'H',CN,EM
CNE100000205,BANK OF COMMS.'H',CN,EM
CNE100000221,BEJ.CAPI.ARPT.'H',CN,EM
CNE100000296,BYD 'H',CN,EM
CNE1000002F5,CHIN.COMMS.CNUT.GP. 'H',CN,EM
CNE1000002H1,CHINA CON.BANK 'H',CN,EM
CNE1000002J7,COSCO SHIPPING HDG.'H',CN,EM
CNE1000002L3,CHINA LIFE INSURANCE 'H',CN,EM
CNE1000002N9,CHINA NATIONAL BUILDING MATERIAL 'H',CN,EM
CNE1000002P4,CHINA OILFIELD SVS.'H',CN,EM
CNE1000002Q2,CHINA PTL.& CHM. 'H',CN,EM
CNE1000002R0,CHINA SHENHUA EN.CO.'H',CN,EM
CNE1000002S8,COSCO SHIP.EN.TRSP. 'H',CN,EM
CNE1000002T6,CHINA SOUTHERN AIRL.'H',CN,EM
CNE1000002V2,CHINA TELECOM 'H',CN,EM
CNE1000002Z3,DGI.PWG.'H',CN,EM
CNE100000304,DONGFANG ELECTRIC 'H',CN,EM
CNE100000312,DONGFENG MOTOR GP.'H',CN,EM
CNE100000379,GUANGSHEN RAILWAY 'H',CN,EM
CNE1000003C0,HARBIN ELECTRIC 'H',CN,EM
CNE1000003D8,HUADIAN POWER INTERNATIONAL 'H',CN,EM
CNE1000003G1,INDL&COML.BOC.'H',CN,EM
CNE1000003J5,JIANGSU EXPRESSWAY 'H',CN,EM
CNE1000003K3,JIANGXI COPPER 'H',CN,EM
CNE1000003R8,MAANSHAN IRON & STL.'H',CN,EM
CNE1000003W8,PETROCHINA 'H',CN,EM
CNE1000003X6,PING AN INSURANCE (GROUP) OF CHINA 'H',CN,EM
CNE100000437,SHANGHAI ELEC.GP.CO.'H',CN,EM
CNE1000004C8,SINOPEC SHANGHAI PETROCHEMICAL 'H',CN,EM
CNE1000004K1,TSINGTAO BREWERY 'H',CN,EM
CNE1000004L9,WEICHAI POWER 'H',CN,EM
CNE1000004Q8,YANKUANG ENERGY GROUP COMPANY 'H',CN,EM
CNE1000004R6,ZHAOJIN MINING IND.'H',CN,EM
CNE1000004S4,ZHEJIANG EXPRESSWAY 'H',CN,EM
CNE100000502,ZIJIN MINING GROUP 'H',CN,EM
CNE100000536,COSCO SHIP.DEV.'H',CN,EM
CNE100000569,GUANGZHOU R&F PROPS.'H',CN,EM
CNE100000593,PICC PROPERTY & CLTY.'H',CN,EM
CNE1000006Z4,HUANENG POWER INTERNATIONAL 'H',CN,EM
CZ0005112300,CEZ,CZ,EM
CZ0009093209,TELF.O2 CZECH REPUBLIC DEAD - DELIST.25/02/22,CZ,EM
DE0005089031,UNITED INTERNET,DE,EUR
DE0005140008,DEUTSCHE BANK,DE,EUR
DE0005190003,BMW,DE,EUR
DE0005200000,BEIERSDORF,DE,EUR
DE0005408884,LEONI DEAD - DELIST.21/08/23,DE,EUR
DE0005439004,CONTINENTAL,DE,EUR
DE0005470405,LANXESS,DE,EUR
DE0005552004,DEUTSCHE POST,DE,EUR
DE0005557508,DEUTSCHE TELEKOM,DE,EUR
DE0005773303,FRAPORT,DE,EUR
DE0005785604,FRESENIUS,DE,EUR
DE0005785802,FRESENIUS MED.CARE,DE,EUR
DE0005810055,DEUTSCHE BOERSE,DE,EUR
DE0005909006,BILFINGER BERGER,DE,EUR
DE0006047004,HEIDELBERG MATERIALS,DE,EUR
DE0006048432,HENKEL PREFERENCE,DE,EUR
DE0006070006,HOCHTIEF,DE,EUR
DE0006202005,SALZGITTER,DE,EUR
DE0006231004,INFINEON TECHNOLOGIES,DE,EUR
DE0006569908,MLP,DE,EUR
DE0006599905,MERCK KGAA,DE,EUR
DE0006602006,GEA GROUP,DE,EUR
DE0006969603,PUMA,DE,EUR
DE0007030009,RHEINMETALL,DE,EUR
DE0007037129,RWE,DE,EUR
DE0007042301,RHOEN-KLINIKUM,DE,EUR
DE0007100000,MERCEDES-BENZ GROUP N,DE,EUR
DE0007164600,SAP,DE,EUR
DE0007236101,SIEMENS,DE,EUR
DE0007257503,CECONOMY,DE,EUR
DE0007297004,SUEDZUCKER,DE,EUR
DE0007314007,HEIDELB.DRUCKMASCHINEN,DE,EUR
DE0007500001,THYSSENKRUPP,DE,EUR
DE0007507501,WASHTEC,DE,EUR
DE0007664039,VOLKSWAGEN PREF.,DE,EUR
DE0008232125,DEUTSCHE LUFTHANSA,DE,EUR
DE0008402215,HANNOVER RUECK,DE,EUR
DE0008404005,ALLIANZ,DE,EUR
DE0008430026,MUENCHENER RUCK.,DE,EUR
DE000A0D6554,NORDEX,DE,EUR
DE000A0D9PT0,MTU AERO ENGINES HLDG.,DE,EUR
DE000A0S8488,HAMB.HAFEN UD.LOGISTIK,DE,EUR
DE000A0WMPJ6,AIXTRON,DE,EUR
DE000A1EWWW0,ADIDAS,DE,EUR
DE000A2GS401,SOFTWARE N DEAD - DELIST.26/08/24,DE,EUR
DE000BASF111,BASF,DE,EUR
DE000BAY0017,BAYER,DE,EUR
DE000CBK1001,COMMERZBANK,DE,EUR
DE000CLS1001,MCKESSON EUROPE DEAD - DELIST.15/06/23,DE,EUR
DE000ENAG999,E ON N,DE,EUR
DE000KSAG888,K S N,DE,EUR
DE000PSM7770,PROSIEBENSAT 1 MEDIA,DE,EUR
DE000TUAG505,TUI N,DE,EUR
DK0010181759,CARLSBERG B,DK,EUR
DK0010219153,ROCKWOOL B,DK,EUR
DK0010234467,FLSMIDTH AND B,DK,EUR
DK0010244508,A P MOLLER MAERSK B,DK,EUR
DK0010272632,GN STORE NORD,DK,EUR
DK0010274414,DANSKE BANK,DK,EUR
DK0010287663,NKT,DK,EUR
DK0010307958,JYSKE BANK,DK,EUR
DK0010311471,SYDBANK,DK,EUR
DK0060079531,DSV,DK,EUR
DK0060336014,NOVOZYMES B,DK,EUR
DK0060448595,COLOPLAST B,DK,EUR
DK0060477503,TOPDANMARK DEAD - DELIST.21/10/24,DK,EUR
DK0060636678,TRYG,DK,EUR
DK0060738599,DEMANT,DK,EUR
DK0061539921,VESTAS WINDSYSTEMS,DK,EUR
DK0061804697,H LUNDBECK A,DK,EUR
EGS37091C013,EASTERN TOBACCO,EG,EM
EGS380P1C010,ALEXANDRIA MRL.OILS,EG,EM
EGS380S1C017,SIDI KERIR PETROCHEM.,EG,EM
EGS3C251C013,EZZ STEEL,EG,EM
EGS3D041C017,EL EZZ ALDK.STEEL ALEXA.,EG,EM
EGS3G0Z1C014,ELSWEDY ELECTRIC,EG,EM
EGS48031C016,TELECOM EGYPT,EG,EM
EGS60081C014,QATAR NATIONAL BANK,EG,EM
EGS60121C018,COML.INBLK.EGY. (CIB),EG,EM
EGS673T1C012,GB CORP,EG,EM
EGS69101C011,EFG HERMES HDG.,EG,EM
ES0109427734,ATRESMEDIA CORP,ES,EUR
ES0112501012,EBRO FOODS,ES,EUR
ES0113211835,BBV.ARGENTARIA,ES,EUR
ES0113679I37,BANKINTER 'R',ES,EUR
ES0113860A34,BANCO DE SABADELL,ES,EUR
ES0113900J37,BANCO SANTANDER,ES,EUR
ES0116870314,NATURGY ENERGY,ES,EUR
ES0117160111,CORPORACION FINCA.ALBA,ES,EUR
ES0118594417,INDRA SISTEMAS,ES,EUR
ES0122060314,FOMENTO CONSTR.Y CNTR.,ES,EUR
ES0124244E34,MAPFRE,ES,EUR
ES0125220311,ACCIONA,ES,EUR
ES0130670112,ENDESA,ES,EUR
ES0130960018,ENAGAS,ES,EUR
ES0132105018,ACERINOX 'R',ES,EUR
ES0134950F36,FAES FARMA,ES,EUR
ES0142090317,OBRASCON HUARTE LAIN,ES,EUR
ES0144580Y14,IBERDROLA,ES,EUR
ES0148396007,INDITEX,ES,EUR
ES0152503035,MEDIASET ESPANA COMUNICACION,ES,EUR
ES0161560018,MINOR HOTELS EUROPE & AMERICAS,ES,EUR
ES0167050915,ACS ACTIV.CONSTR.Y SERV.,ES,EUR
ES0171743901,PROMOTORA DE INFIC. A PRRDE.INFORMACIONES,ES,EUR
ES0171996087,GRIFOLS ORD CL A,ES,EUR
ES0173093024,REDEIA CORPORACION,ES,EUR
ES0173516115,REPSOL YPF,ES,EUR
ES0178430E18,TELEFONICA,ES,EUR
ES0182870214,SACYR,ES,EUR
ES0184933812,ZARDOYA OTIS DEAD - DELIST.09/05/22,ES,EUR
FI0009000202,KESKO B,FI,EUR
FI0009000277,TIETOEVRY,FI,EUR
FI0009000459,HUHTAMAKI,FI,EUR
FI0009000681,NOKIA,FI,EUR
FI0009002158,UPONOR DEAD - DELIST.30/04/24,FI,EUR
FI0009002422,OUTOKUMPU 'A',FI,EUR
FI0009003727,WARTSILA,FI,EUR
FI0009005318,NOKIAN RENKAAT,FI,EUR
FI0009005870,KONECRANES,FI,EUR
FI0009005961,STORA ENSO R,FI,EUR
FI0009005987,UPM-KYMMENE,FI,EUR
FI0009007132,FORTUM,FI,EUR
FI0009007694,SANOMA,FI,EUR
FI0009007884,ELISA,FI,EUR
FI0009013296,NESTE,FI,EUR
FI0009013403,KONE B,FI,EUR
FI0009800643,YIT,FI,EUR
FI4000297767,NORDEA BANK,FI,EUR
FI4000440664,NELES DEAD - DELIST.01/04/22,FI,EUR
FR0000035081,ICADE REIT,FR,EUR
FR0000039109,SECHE ENVIRONNEMENT,FR,EUR
FR0000044448,NEXANS,FR,EUR
FR0000045072,CREDIT AGRICOLE,FR,EUR
FR0000051070,MAUREL ET PROM,FR,EUR
FR0000051732,ATOS,FR,EUR
FR0000052292,HERMES INTL.,FR,EUR
FR0000053225,M6-METROPOLE TV,FR,EUR
FR0000054470,UBISOFT ENTERTAINMENT CAT A,FR,EUR
FR0000054900,TF1 (TV.FSE.1),FR,EUR
FR0000064578,COVIVIO,FR,EUR
FR0000073272,SAFRAN,FR,EUR
FR0000077919,JCDECAUX,FR,EUR
FR0000120073,L AIR LQE.SC.ANYME. POUR L ETUDE ET L EPXTN.,FR,EUR
FR0000120172,CARREFOUR,FR,EUR
FR0000120222,CNP ASSURANCES DEAD - DELIST.20/06/22,FR,EUR
FR0000120271,TOTALENERGIES,FR,EUR
FR0000120321,L'OREAL,FR,EUR
FR0000120404,ACCOR,FR,EUR
FR0000120503,BOUYGUES,FR,EUR
FR0000120560,QUADIENT,FR,EUR
FR0000120578,SANOFI,FR,EUR
FR0000120628,AXA,FR,EUR
FR0000120644,DANONE,FR,EUR
FR0000120693,PERNOD-RICARD,FR,EUR
FR0000120859,IMERYS,FR,EUR
FR0000120966,BIC,FR,EUR
FR0000121014,LVMH,FR,EUR
FR0000121121,EURAZEO,FR,EUR
FR0000121204,WENDEL,FR,EUR
FR0000121220,SODEXO,FR,EUR
FR0000121329,THALES,FR,EUR
FR0000121485,KERING,FR,EUR
FR0000121667,ESSILORLUXOTTICA,FR,EUR
FR0000121964,KLEPIERRE REIT,FR,EUR
FR0000121972,SCHNEIDER ELECTRIC,FR,EUR
FR0000124141,VEOLIA ENVIRON,FR,EUR
FR0000125007,SAINT GOBAIN,FR,EUR
FR0000125338,CAPGEMINI,FR,EUR
FR0000125486,VINCI,FR,EUR
FR0000127771,VIVENDI,FR,EUR
FR0000130213,LAGARDERE GROUPE,FR,EUR
FR0000130395,REMY COINTREAU,FR,EUR
FR0000130403,CHRISTIAN DIOR,FR,EUR
FR0000130452,EIFFAGE,FR,EUR
FR0000130577,PUBLICIS GROUPE,FR,EUR
FR0000130809,SOCIETE GENERALE,FR,EUR
FR0000131104,BNP PARIBAS,FR,EUR
FR0000131757,ERAMET,FR,EUR
FR0000131906,RENAULT,FR,EUR
FR0000133308,ORANGE,FR,EUR
FR0010040865,GECINA,FR,EUR
FR0010220475,ALSTOM,FR,EUR
FR0010221234,EUTELSAT COMMUNICATIONS,FR,EUR
FR0010242511,EDF DEAD - DELIST.08/06/23,FR,EUR
FR0010307819,LEGRAND,FR,EUR
FR0010313833,ARKEMA,FR,EUR
FR0010340141,ADP,FR,EUR
FR0010411983,SCOR SE,FR,EUR
FR0010533075,GETLINK,FR,EUR
FR0013176526,VALEO,FR,EUR
FR0013280286,BIOMERIEUX,FR,EUR
FR0013326246,UNIBAIL RODAMCO WE STAPLED UNITS,FR,EUR
FR0013505062,VANTIVA,FR,EUR
FR0013506730,VALLOUREC,FR,EUR
FR0014000MR3,EUROFINS SCIEN.,LU,Other
FR0014003TT8,DASSAULT SYSTEMES,FR,EUR
FR001400AJ45,MICHELIN,FR,EUR
GB0000163088,SPEEDY HIRE,GB,EUR
GB0000365774,ANGLO-EASTERN PLTNS.,GB,EUR
GB0000456144,ANTOFAGASTA,GB,EUR
GB0000536739,ASHTEAD GROUP,GB,EUR
GB0000600931,BRAEMAR,GB,EUR
GB0000811801,BARRATT REDROW,GB,EUR
GB0000904986,BELLWAY,GB,EUR
GB0000961622,BALFOUR BEATTY,GB,EUR
GB0001048619,TED BAKER DEAD - DELIST.24/10/22,GB,EUR
GB0001110096,BOOT (HENRY),GB,EUR
GB0001367019,BRITISH LAND,GB,EUR
GB0001500809,TULLOW OIL,GB,EUR
GB0001570810,XAAR,GB,EUR
GB0001638955,WETHERSPOON (JD),GB,EUR
GB0001667087,CAMELLIA,GB,EUR
GB0001765816,BREWIN DOLPHIN DEAD - DELIST.28/09/22,GB,EUR
GB0001795680,CASTINGS,GB,EUR
GB0001826634,DIPLOMA,GB,EUR
GB0001859296,VISTRY GROUP,GB,EUR
GB0002015021,TCLARKE DEAD - DELIST.26/06/24,GB,EUR
GB0002018363,CLARKSON,GB,EUR
GB0002074580,GENUS,GB,EUR
GB0002148343,RATHBONES GROUP,GB,EUR
GB0002318888,CRANSWICK,GB,EUR
GB0002349065,REA HOLDINGS,GB,EUR
GB0002374006,DIAGEO,GB,EUR
GB0002418548,ELEMENTIS,GB,EUR
GB0002634946,BAE SYSTEMS,GB,EUR
GB0002652740,DERWENT LONDON,GB,EUR
GB0002670437,DEVRO DEAD - DELIST.14/04/23,GB,EUR
GB0002869419,BIG YELLOW GROUP,GB,EUR
GB0002875804,BRITISH AMERICAN TOBACCO,GB,EUR
GB0003062816,TOWN CENTRE SECURITIES,GB,EUR
GB0003096442,RS GROUP,GB,EUR
GB0003308607,SPECTRIS,GB,EUR
GB0003395000,FISHER(JAMES)& SONS,GB,EUR
GB0003452173,FIRST GROUP,GB,EUR
GB0003718474,GAMES WORKSHOP,GB,EUR
GB0003753778,GO-AHEAD GROUP DEAD - DELIST.11/10/22,GB,EUR
GB0004052071,HALMA,GB,EUR
GB0004082847,STANDARD CHARTERED,GB,EUR
GB0004161021,HAYS,GB,EUR
GB0004170089,HEADLAM GROUP,GB,EUR
GB0004270301,HILL AND SMITH,GB,EUR
GB0004478896,HUNTING,GB,EUR
GB0004544929,IMPERIAL BRANDS,GB,EUR
GB0004657408,MITIE GROUP,GB,EUR
GB0004726096,SPIRENT COMMUNICATIONS,GB,EUR
GB0004866223,KELLER,GB,EUR
GB0004915632,KIER GROUP,GB,EUR
GB0005405286,HSBC HOLDINGS,GB,EUR
GB0005522007,MCKAY SECURITIES DEAD - DELIST.09/05/22,GB,EUR
GB0005576813,HOWDEN JOINERY GP.,GB,EUR
GB0005603997,LEGAL & GENERAL,GB,EUR
GB0005630420,MEARS GROUP,GB,EUR
GB0005746358,MCBRIDE,GB,EUR
GB0005758098,MEGGITT DEAD - DELIST.14/09/22,GB,EUR
GB0005790059,MENZIES (JOHN) DEAD - DELIST.05/08/22,GB,EUR
GB0006027295,MORGAN ADVANCED MRA.,GB,EUR
GB0006215205,MOBICO GROUP,GB,EUR
GB0006449366,ECORA RESOURCES,GB,EUR
GB0006640972,4IMPRINT GROUP,GB,EUR
GB0006650450,OXFORD INSTRUMENTS,GB,EUR
GB0006731235,ASSOCIATED BRIT.FOODS,GB,EUR
GB0006776081,PEARSON,GB,EUR
GB0006825383,PERSIMMON,GB,EUR
GB0006886666,EUROMONEY INSTL.INVESTOR DEAD - DELIST.25/11/22,GB,EUR
GB0006928617,UNITE GROUP,GB,EUR
GB0006963689,PORVAIR,GB,EUR
GB0007099541,PRUDENTIAL,GB,EUR
GB0007188757,RIO TINTO,GB,EUR
GB0007323586,RENISHAW,GB,EUR
GB0007370074,RICARDO,GB,EUR
GB0007388407,LIONTRUST ASSET MAN.,GB,EUR
GB0007594764,RPS GROUP DEAD - DELIST.24/01/23,GB,EUR
GB0007668071,CLOSE BROTHERS GROUP,GB,EUR
GB0007669376,ST.JAMES'S PLACE ORD,GB,EUR
GB0007689002,KIN AND CARTA DEAD - DELIST.29/04/24,GB,EUR
GB0007908733,SSE,GB,EUR
GB0007958233,SENIOR,GB,EUR
GB0007973794,SERCO GROUP,GB,EUR
GB0007980591,BP,GB,EUR
GB0008025412,SIG,GB,EUR
GB0008085614,MORGAN SINDALL GROUP,GB,EUR
GB0008220112,SMITH (DS) DEAD - DELIST.04/02/25,GB,EUR
GB0008475088,ROBERT WALTERS,GB,EUR
GB0008481250,ME GROUP INTERNATIONAL,GB,EUR
GB0008706128,LLOYDS BANKING GROUP,GB,EUR
GB0008711763,TT ELECTRONICS,GB,EUR
GB0008782301,TAYLOR WIMPEY,GB,EUR
GB0008794710,TELECOM PLUS,GB,EUR
GB0009067447,MOTHERCARE,GB,EUR
GB0009123323,ULTRA ELECTRONICS DEAD - DELIST.02/08/22,GB,EUR
GB0009223206,SMITH & NEPHEW,GB,EUR
GB0009286963,VP,GB,EUR
GB0009292243,VICTREX,GB,EUR
GB0009296665,VIDENDUM,GB,EUR
GB0009465807,WEIR GROUP,GB,EUR
GB0009633180,DECHRA PHARMACEUTICALS DEAD - DELIST.17/01/24,GB,EUR
GB0009692319,WILMINGTON,GB,EUR
GB0009697037,BABCOCK INTERNATIONAL,GB,EUR
GB0009895292,ASTRAZENECA,GB,EUR
GB0022569080,AMDOCS,US,AMER
GB0030181522,TRIBAL GROUP,GB,EUR
GB0030232317,PAGEGROUP,GB,EUR
GB0030329360,WINCANTON DEAD - DELIST.30/04/24,GB,EUR
GB0030913577,BT GROUP,GB,EUR
GB0031274896,MARKS & SPENCER GROUP,GB,EUR
GB0031348658,BARCLAYS,GB,EUR
GB0031638363,INTERTEK GROUP,GB,EUR
GB0031743007,BURBERRY GROUP,GB,EUR
GB0032089863,NEXT,GB,EUR
GB0033147751,BLOOMSBURY PBL.,GB,EUR
GB0033195214,KINGFISHER,GB,EUR
GB0033986497,ITV,GB,EUR
GB0034291418,CENTAUR MEDIA,GB,EUR
GB00B00FPT80,CHESNARA,GB,EUR
GB00B012BV22,MARSHALLS,GB,EUR
GB00B012TP20,HALFORDS GROUP,GB,EUR
GB00B019KW72,SAINSBURY J,GB,EUR
GB00B01CZ652,HORNBY,GB,EUR
GB00B01QGK86,NCC GROUP,GB,EUR
GB00B02J6398,ADMIRAL GROUP,GB,EUR
GB00B02QND93,PAYPOINT,GB,EUR
GB00B033F229,CENTRICA,GB,EUR
GB00B03HDJ73,ESKEN LIMITED DEAD - DELIST.02/04/24,GB,EUR
GB00B04V1276,GRAINGER,GB,EUR
GB00B06QFB75,IG GROUP HOLDINGS,GB,EUR
GB00B0744359,ESSENTRA,GB,EUR
GB00B0744B38,BUNZL,GB,EUR
GB00B082RF11,RENTOKIL INITIAL,GB,EUR
GB00B0FYMT95,HELICAL REIT,GB,EUR
GB00B0H2K534,PETROFAC,JE,Other
GB00B0KM9T71,STHREE,GB,EUR
GB00B0LCW083,HIKMA PHARMACEUTICALS,GB,EUR
GB00B0N8QD54,BRITVIC DEAD - DELIST.20/01/25,GB,EUR
GB00B0SWJX34,LONDON STOCK EXCHANGE GROUP,GB,EUR
GB00B0WMWD03,QINETIQ GROUP,GB,EUR
GB00B0YG1K06,RESTAURANT GROUP DEAD - DELIST.22/12/23,GB,EUR
GB00B10RZP78,UNILEVER (UK),GB,EUR
GB00B128J450,IP GROUP,GB,EUR
GB00B132NW22,ASHMORE GROUP,GB,EUR
GB00B135BJ46,SAVILLS,GB,EUR
GB00B17MMZ46,LOOKERS DEAD - DELIST.09/10/23,GB,EUR
GB00B18P5K83,TOPPS TILES,GB,EUR
GB00B19Z1432,PZ CUSSONS,GB,EUR
GB00B1CL5249,LAMPRELL DEAD - DELIST.25/10/22,AE,EM
GB00B1FH8J72,SEVERN TRENT,GB,EUR
GB00B1FP6H53,MITCHELLS & BUTLERS,GB,EUR
GB00B1FW5029,HOCHSCHILD MINING,GB,EUR
GB00B1G5HX72,LSL PROPERTY SERVICES,GB,EUR
GB00B1JQDM80,MARSTON'S,GB,EUR
GB00B1KJJ408,WHITBREAD,GB,EUR
GB00B1L5QH97,RANK GROUP,GB,EUR
GB00B1P6ZR11,BROWN GROUP,GB,EUR
GB00B1VNSX38,DRAX GROUP,GB,EUR
GB00B1WY2338,SMITHS GROUP,GB,EUR
GB00B1XH2C03,FERREXPO,CH,EUR
GB00B1XZS820,ANGLO AMERICAN,GB,EUR
GB00B1YW4409,3I GROUP,GB,EUR
GB00B23K0M20,CAPITA,GB,EUR
GB00B24CGK77,RECKITT BENCKISER GROUP,GB,EUR
GB00B27YGJ97,SEVERFIELD,GB,EUR
GB00B2B0DG97,RELX,GB,EUR
GB00B2NGPM57,PARAGON BANKING GROUP,GB,EUR
GB00B2PDGW16,WH SMITH,GB,EUR
GB00B39J2M42,UNITED UTILITIES GROUP,GB,EUR
GB00B3CX3644,STV GROUP,GB,EUR
GB00B3DGH821,DE LA RUE ORD,GB,EUR
GB00B3FLWH99,BODYCOTE,GB,EUR
GB00B41H7391,ZIGUP,GB,EUR
GB00B45C9X44,CHEMRING GROUP,GB,EUR
GB00B572ZV91,PHAROS ENERGY,GB,EUR
GB00B5N0P849,WOOD GROUP (JOHN),GB,EUR
GB00B5ZN1N88,SEGRO,GB,EUR
GB00B61TVQ02,INCHCAPE,GB,EUR
GB00B63H8491,ROLLS-ROYCE HOLDINGS,GB,EUR
GB00B63QSB39,GREGGS,GB,EUR
GB00B64NSP76,COSTAIN GROUP,GB,EUR
GB00B67G5X01,WORKSPACE GROUP,GB,EUR
GB00B6XZKY75,BARR (AG),GB,EUR
GB00B6YTLS95,STAGECOACH GROUP DEAD - DELIST.28/06/22,GB,EUR
GB00B71N6K86,EVRAZ SUSP - SUSP.06/12/23,GB,EUR
GB00B7KR2P84,EASYJET,GB,EUR
GB00B82YXW83,VESUVIUS,GB,EUR
GB00B8B4R053,STUDIO RETAIL GROUP DEAD - DELIST.25/02/22,GB,EUR
GB00B8C3BL03,THE SAGE GROUP,GB,EUR
GB00BD6K4575,COMPASS GROUP,GB,EUR
GB00BD736828,AIR PARTNER DEAD - DEAD 04/04/22,GB,EUR
GB00BDCPN049,COCA COLA EUROPACIFIC PARTNERS,GB,EUR
GB00BDFBVT43,OXFORD BIOMEDICA,GB,EUR
GB00BDR05C01,NATIONAL GRID,GB,EUR
GB00BF044593,CLS HOLDINGS,GB,EUR
GB00BF5H9P87,GREAT PORTLAND ESTATES,GB,EUR
GB00BF8Q6K64,ABRDN,GB,EUR
GB00BG11K365,REDROW DEAD - DELIST.23/08/24,GB,EUR
GB00BGDT3G23,RIGHTMOVE,GB,EUR
GB00BGLP8L22,IMI,GB,EUR
GB00BH4HKS39,VODAFONE GROUP,GB,EUR
GB00BHJYC057,ICTL.HTLS.GP.,GB,EUR
GB00BJ1F4N75,MICRO FOCUS INTL. DEAD - DELIST.01/02/23,GB,EUR
GB00BJFFLV09,CRODA INTERNATIONAL,GB,EUR
GB00BJQZC279,DAILY MAIL 'A' DEAD - DELIST.10/01/22,GB,EUR
GB00BJT0FF39,RM,GB,EUR
GB00BK9RKT01,TRAVIS PERKINS,GB,EUR
GB00BKP36R26,HYVE GROUP DEAD - DELIST.23/05/23,GB,EUR
GB00BKY40Q38,GALLIFORD TRY,GB,EUR
GB00BL6XZ716,CAPITAL & REGIONAL DEAD - DELIST.11/12/24,GB,EUR
GB00BLGZ9862,TESCO,GB,EUR
GB00BM8PJY71,NATWEST GROUP,GB,EUR
GB00BM8Q5M07,JD SPORTS FASHION,GB,EUR
GB00BMJ6DW54,INFORMA,GB,EUR
GB00BMXNWH07,NOBLE CORPORATION,US,AMER
GB00BN7SWP63,GLAXOSMITHKLINE,GB,EUR
GB00BNGDN821,MELROSE INDUSTRIES,GB,EUR
GB00BNNTLN49,PENNON GROUP,GB,EUR
GB00BNR4T868,RENEWI,GB,EUR
GB00BP6MXD84,SHELL,GB,EUR
GB00BP92CJ43,TATE & LYLE,GB,EUR
GB00BP9LHF23,SCHRODERS,GB,EUR
GB00BPQY8M80,AVIVA,GB,EUR
GB00BRB37M78,DIGNITY DEAD - DELIST.25/05/23,GB,EUR
GB00BRKD9Z53,MJ GLEESON,GB,EUR
GB00BV9FP302,COMPUTACENTER,GB,EUR
GB00BVFNZH21,ROTORK,GB,EUR
GB00BWFGQN14,SPIRAX GROUP,GB,EUR
GB00BYQ0JC66,BEAZLEY,GB,EUR
GB00BYRJ5J14,PRIMARY HEALTH PROPS.,GB,EUR
GB00BYT1DJ19,INTERMEDIATE CAPITAL GP.,GB,EUR
GB00BYW0PQ60,LAND SECURITIES GROUP,GB,EUR
GB00BYYTFB60,HOMESERVE DEAD - DELIST.05/01/23,GB,EUR
GB00BYZN9041,FUTURE,GB,EUR
GB00BZ4BQC70,JOHNSON MATTHEY,GB,EUR
GI000A0F6407,EVOKE,GI,Other
GRS003003035,NATIONAL BK.OF GREECE,GR,EM
GRS004013009,BANK OF GREECE,GR,EM
GRS014003032,PIRAEUS FINANCIAL HOLDINGS,GR,EM
GRS260333000,HELLENIC TELECOM.ORG.,GR,EM
GRS298343005,HELLENIQ ENERGY HOLDINGS,GR,EM
GRS314003013,MIG HOLIDINGS,GR,EM
GRS323003012,EUROBANK HOLDINGS,GR,EM
GRS419003009,GREEK ORGANISATION OF FOOTBALL PROGNOSTICS,GR,EM
GRS434003000,PUBLIC POWER,GR,EM
HK0000049939,CHINA UNICOM (HONG KONG),HK,PAC
HK0000055878,CHINA TAIPING INSURANCE HLDGS,HK,PAC
HK0000139300,TELEVISION BROADCASTS,HK,PAC
HK0000592854,SHOUCHENG HOLDINGS,HK,PAC
HK0000608585,NEW WORLD DEVELOPMENT COMPANY,HK,PAC
HK0000745908,YUEXIU PROPERTY COMPANY,HK,PAC
HK0002007356,CLP HOLDINGS,HK,PAC
HK0003000038,HONG KONG AND CHINA GAS,HK,PAC
HK0004000045,WHARF HOLDINGS,HK,PAC
HK0006000050,POWER ASSETS HOLDINGS,HK,PAC
HK0008011667,PCCW,HK,PAC
HK0010000088,HANG LUNG GROUP,HK,PAC
HK0011000095,HANG SENG BANK,HK,PAC
HK0012000102,HENDERSON LD.DEV.,HK,PAC
HK0014000126,HYSAN DEVELOPMENT,HK,PAC
HK0016000132,SUN HUNG KAI PROPERTIES,HK,PAC
HK0019000162,SWIRE PACIFIC 'A',HK,PAC
HK0023000190,BANK OF EAST ASIA,HK,PAC
HK0066009694,MTR,HK,PAC
HK0083000502,SINO LAND,HK,PAC
HK0101000591,HANG LUNG PROPERTIES,HK,PAC
HK0144000764,CHINA MERCHANTS PORT HOLDINGS,HK,PAC
HK0165000859,CHINA EVERBRIGHT,HK,PAC
HK0200030994,MELCO INTL.DEV.,HK,PAC
HK0242001243,SHUN TAK HOLDINGS,HK,PAC
HK0267001375,CITIC,CN,EM
HK0270001396,GUANGDONG INVESTMENT,HK,PAC
HK0291001490,CHINA RESOURCES BEER HOLDINGS,HK,PAC
HK0293001514,CATHAY PACIFIC AIRWAYS,HK,PAC
HK0308001558,CTII.INTL.INV.HK.,HK,PAC
HK0363006039,SHANGHAI INDUSTRIAL HOLDINGS,HK,PAC
HK0388045442,HONG KONG EXS.& CLEAR.,HK,PAC
HK0392044647,BEIJING ENTERPRISES HOLDINGS,HK,PAC
HK0440001847,DAH SING FINANCIAL HDG.,HK,PAC
HK0688002218,CHINA OVERSEAS LAND INVESTMENT,HK,PAC
HK0823032773,LINK REAL ESTATE INVESTMENT TRUST,HK,PAC
HK0836012952,CHINA RESOURCES POWER,HK,PAC
HK0883013259,CNOOC,CN,EM
HK0941009539,CHINA MOBILE,CN,EM
HK0992009065,LENOVO GROUP,CN,EM
HK2380027329,CHIN.PWR.INTDVT.,HK,PAC
HK2388011192,BOC HONG KONG HOLDINGS,HK,PAC
HU0000061726,OTP BANK,HU,EM
HU0000073507,MAGYAR TKOM.TELECOM.,HU,EM
HU0000123096,RICHTER GEDEON,HU,EM
HU0000153937,MOL MAGYAR OLAJ-ES GAZIPARI,HU,EM
ID1000053705,MEDCO ENERGI INTL.,ID,EM
ID1000057003,INDOFOOD SUKSES MAKMUR,ID,EM
ID1000061302,ICT.TUNGGAL PRAKARSA,ID,EM
ID1000066004,ASTRA AGRO LESTARI,ID,EM
ID1000068604,GUDANG GARAM,ID,EM
ID1000092703,BANK PAN INDONESIA,ID,EM
ID1000094006,BUKIT ASAM,ID,EM
ID1000094204,BANK DANAMON INDONESIA SERIES A,ID,EM
ID1000095003,BANK MANDIRI,ID,EM
ID1000095706,UNILEVER INDONESIA,ID,EM
ID1000096605,BANK NEGARA INDONESIA,ID,EM
ID1000097405,INDOSAT,ID,EM
ID1000099302,BANK MAYBANK INDONESIA,ID,EM
ID1000105604,GLOBAL MEDIACOM,ID,EM
ID1000106602,ANEKA TAMBANG,ID,EM
ID1000106800,SEMEN INDONESIA (PERSERO),ID,EM
ID1000108509,INDO TAMBANGRAYA MEGAH,ID,EM
ID1000108905,LIPPO KARAWACI,ID,EM
ID1000109309,VALE INDONESIA,ID,EM
ID1000109507,BANK CENTRAL ASIA,ID,EM
ID1000110000,BAKRIE & BROTHERS,ID,EM
ID1000111602,PERUSAHAAN GAS NEGARA,ID,EM
ID1000118201,BANK RAKYAT INDONESIA,ID,EM
ID1000122807,ASTRA INTERNATIONAL,ID,EM
ID1000125107,KALBE FARMA,ID,EM
ID1000129000,TELEKOMUNIKASI INDONESIA (PERSERO),ID,EM
IE0001827041,CRH PUBLIC LIMITED,IE,EUR
IE0002424939,DCC,IE,EUR
IE0003864109,GREENCORE GROUP,IE,EUR
IE0004906560,KERRY GROUP 'A',IE,EUR
IE0004927939,KINGSPAN GROUP,IE,EUR
IE00B00MZ448,GRAFTON GROUP,IE,EUR
IE00B010DT83,C&C GROUP,IE,EUR
IE00B4BNMY34,ACCENTURE CLASS A,IE,EUR
IE00B8KQN827,EATON,IE,EUR
IE00BD1RP616,BANK OF IRELAND GROUP,IE,EUR
IE00BDB6Q211,WILLIS TOWERS WATSON,GB,EUR
IE00BF0L3536,AIB GROUP,IE,EUR
IE00BGH1M568,PERRIGO,IE,EUR
IE00BJ3V9050,ENDO INTERNATIONAL DEAD - DELIST.02/05/24,IE,EUR
IE00BK9ZQ967,TRANE TECHNOLOGIES,IE,EUR
IE00BKVD2N49,SEAGATE TECHNOLOGY HOLDINGS,SG,PAC
IE00BLP1HW54,AON CLASS A,IE,EUR
IE00BLS09M33,PENTAIR,GB,EUR
IE00BTN1Y115,MEDTRONIC,IE,EUR
IE00BWB8X525,PERMANENT TSB GHG.,IE,EUR
IE00BWT6H894,FLUTTER ENTERTAINMENT,US,AMER
IE00BY7QL619,JOHNSON CONTROLS INTL.,IE,EUR
IE00BYTBXV33,RYANAIR HOLDINGS,IE,EUR
IL0002300114,BEZEQ ISRAELI TELECOMMUNICATION,IL,EUR
IL0002730112,NICE,IL,EUR
IL0002810146,ICL GROUP,IL,EUR
IL0005760173,ISRAEL CORPORATION LTD.,IL,EUR
IL0005930388,FIRST INTL.BK.OF ISR.,IL,EUR
IL0006046119,LEUMI LTD.,IL,EUR
IL0006625771,BANK HAPOALIM B M LTD.,IL,EUR
IL0006954379,MIZRAHI TEFAHOT LTD.,IL,EUR
IL0010811243,ELBIT SYSTEMS,IL,EUR
IL0010824113,CHECK POINT SFTW.TECHS.,IL,EUR
IL0010841281,DELEK GROUP,IL,EUR
IL0010849045,BATM ADVANCED COMMS.,IL,EUR
IL0010943905,AMIAD WATER SYSTEMS,IL,EUR
IL0011015349,CELLCOM,IL,EUR
INE001A01036,HOUSING DEVELOPMENT FINANCE CORPORATION,IN,EM
INE002A01018,RELIANCE INDUSTRIES,IN,EM
INE003A01024,SIEMENS,IN,EM
INE008A01015,IDBI BANK,IN,EM
INE009A01021,INFOSYS,IN,EM
INE012A01025,ACC,IN,EM
INE013A01015,RELIANCE CAPITAL SUSP - SUSP.29/02/24,IN,EM
INE016A01026,DABUR INDIA,IN,EM
INE018A01030,LARSEN & TOUBRO,IN,EM
INE019A01038,JSW STEEL,IN,EM
INE021A01026,ASIAN PAINTS,IN,EM
INE028A01039,BANK OF BARODA,IN,EM
INE029A01011,BHARAT PETROLEUM,IN,EM
INE030A01027,HINDUSTAN UNILEVER,IN,EM
INE036A01016,RELIANCE INFRASTRUCTURE,IN,EM
INE038A01020,HINDALCO INDUSTRIES,IN,EM
INE040A01034,HDFC BANK,IN,EM
INE040H01021,SUZLON ENERGY,IN,EM
INE043D01016,IDFC DEAD - DELIST.11/10/24,IN,EM
INE044A01036,SUN PHARM.INDUSTRIES,IN,EM
INE047A01021,GRASIM INDUSTRIES,IN,EM
INE053A01029,INDIAN HOTELS,IN,EM
INE059A01026,CIPLA,IN,EM
INE062A01020,STATE BANK OF INDIA,IN,EM
INE067A01029,CG POWER AND INDUSTRIAL SOLUTIONS,IN,EM
INE075A01022,WIPRO,IN,EM
INE079A01024,AMBUJA CEMENTS,IN,EM
INE081A01020,TATA STEEL,IN,EM
INE084A01016,BANK OF INDIA,IN,EM
INE090A01021,ICICI BANK,IN,EM
INE094A01015,HINDUSTAN PETROLEUM,IN,EM
INE101A01026,MAHINDRA & MAHINDRA,IN,EM
INE103A01014,MNGL.REF.& PETROCHEM.,IN,EM
INE111A01025,CONTAINER CORP.OF INDIA,IN,EM
INE114A01011,STEEL AUTHORITY OF INDIA,IN,EM
INE117A01022,ABB INDIA,IN,EM
INE129A01019,GAIL (INDIA),IN,EM
INE134E01011,POWER FINANCE,IN,EM
INE139A01034,NATIONAL ALUMINIUM,IN,EM
INE140A01024,PIRAMAL ENTERPRISES,IN,EM
INE151A01013,TATA COMMUNICATIONS,IN,EM
INE152A01029,THERMAX,IN,EM
INE154A01025,ITC,IN,EM
INE155A01022,TATA MOTORS,IN,EM
INE158A01026,HERO MOTOCORP,IN,EM
INE159A01016,GLAXOSMITHKLINE PHARMS.,IN,EM
INE160A01022,PUNJAB NATIONAL BANK,IN,EM
INE191I01012,HOUSING DEV.&.INFR.,IN,EM
INE205A01025,VEDANTA,IN,EM
INE208A01029,ASHOK LEYLAND,IN,EM
INE213A01029,OIL & NATURAL GAS (NSE),IN,EM
INE216A01030,BRITANNIA INDS.,IN,EM
INE237A01028,KOTAK MAHINDRA BANK,IN,EM
INE238A01034,AXIS BANK,IN,EM
INE242A01010,INDIAN OIL,IN,EM
INE245A01021,TATA POWER,IN,EM
INE256A01028,ZEE ENTERTAINMENT ENTS.,IN,EM
INE257A01026,BHARAT HEAVY ELS.,IN,EM
INE259A01022,COLGATE-PALMOLIVE INDIA,IN,EM
INE263A01024,BHARAT ELECTRONICS,IN,EM
INE267A01025,HINDUSTAN ZINC,IN,EM
INE298A01020,CUMMINS INDIA,IN,EM
INE302A01020,EXIDE INDUSTRIES,IN,EM
INE330H01018,RELIANCE COMMUNICATIONS,IN,EM
INE347G01014,PETRONET L N G,IN,EM
INE361B01024,DIVIS LABORATORIES,IN,EM
INE397D01024,BHARTI AIRTEL,IN,EM
INE423A01024,ADANI ENTERPRISES,IN,EM
INE424H01027,SUN TV NETWORK,IN,EM
INE455F01025,JAIPRAKASH ASSOCIATES,IN,EM
INE465A01025,BHARAT FORGE,IN,EM
INE467B01029,TATA CONSULTANCY SVS.,IN,EM
INE481G01011,ULTRATECH CEMENT,IN,EM
INE585B01010,MARUTI SUZUKI INDIA,IN,EM
INE589A01014,NLC INDIA,IN,EM
INE628A01036,UPL,IN,EM
INE669C01036,TECH MAHINDRA,IN,EM
INE669E01016,VODAFONE IDEA,IN,EM
INE686F01025,UNITED BREWERIES,IN,EM
INE692A01016,UNION BANK OF INDIA,IN,EM
INE694A01020,UNITECH,IN,EM
INE733E01010,NTPC,IN,EM
INE742F01042,ADANI PORTS AND SEZ.,IN,EM
INE749A01030,JINDAL STEEL & POWER,IN,EM
INE752E01010,POWER GRID CORPORATION OF INDIA,IN,EM
INE836F01026,DISH TV INDIA,IN,EM
INE854D01024,UNITED SPIRITS,IN,EM
INE881D01027,ORACLE FINL.SVS.SFTW.,IN,EM
INE917I01010,BAJAJ AUTO,IN,EM
INE935A01035,GLENMARK PHARMACEUTICALS,IN,EM
IT0000062072,GENERALI,IT,EUR
IT0000062957,MEDIOBANCA BC.FIN,IT,EUR
IT0000066123,BPER BANCA,IT,EUR
IT0000072618,INTESA SANPAOLO,IT,EUR
IT0000784154,CATTOLICA ASSICURAZIONI DEAD - DELIST.12/08/22,IT,EUR
IT0000784196,BANCA PPO.DI SONDRIO,IT,EUR
IT0001042610,SABAF,IT,EUR
IT0001137345,AUTOGRILL DEAD - DELIST.24/07/23,IT,EUR
IT0001233417,A2A,IT,EUR
IT0001347308,BUZZI,IT,EUR
IT0001469383,ARNOLDO MONDADORI EDI.,IT,EUR
IT0003128367,ENEL,IT,EUR
IT0003132476,ENI,IT,EUR
IT0003153415,SNAM,IT,EUR
IT0003242622,TERNA RETE ELETTRICA NAZ,IT,EUR
IT0003497168,TELECOM ITALIA,IT,EUR
IT0003506190,ATLANTIA DEAD - DELIST.09/12/22,IT,EUR
IT0003856405,LEONARDO,IT,EUR
IT0004810054,UNIPOL GRUPPO FINANZIARIO,IT,EUR
IT0004827447,UNIPOLSAI DEAD - DELIST.03/07/24,IT,EUR
IT0005218380,BANCO BPM,IT,EUR
IT0005239360,UNICREDIT,IT,EUR
IT0005495657,SAIPEM,IT,EUR
IT0005496473,TESSELLIS,IT,EUR
IT0005508921,BANCA MONTE DEI PASCHI,IT,EUR
JE00B3DCF752,ATRIUM EUROPEAN RLST. DEAD - DELIST.21/02/22,JE,Other
JE00B8KF9B49,WPP,GB,EUR
JE00BJ1DLW90,MAN GROUP,GB,EUR
JE00BJ1F3079,AMCOR,GB,EUR
JE00BYVQYS01,INTERNATIONAL WORKPLACE GROUP,CH,EUR
JP3027670003,NIPPON BUILDING FUND,JP,PAC
JP3027680002,JAPAN REAL ESTATE INV.,JP,PAC
JP3039710003,JAPAN METROPOLITAN FUND INVESTMENT REIT,JP,PAC
JP3040890000,JAPAN PRIME REALTY INV.,JP,PAC
JP3102000001,AISIN,JP,PAC
JP3108600002,ACOM,JP,PAC
JP3111200006,ASAHI KASEI,JP,PAC
JP3112000009,AGC,JP,PAC
JP3116000005,ASAHI GROUP HOLDINGS,JP,PAC
JP3118000003,ASICS,JP,PAC
JP3119600009,AJINOMOTO,JP,PAC
JP3122400009,ADVANTEST,JP,PAC
JP3122800000,AMADA,JP,PAC
JP3125800007,ARIAKE JAPAN,JP,PAC
JP3126340003,ALFRESA HOLDINGS,JP,PAC
JP3126400005,ALPS ALPINE,JP,PAC
JP3131400008,AEON FINANCIAL SERVICE,JP,PAC
JP3131430005,AEON MALL,JP,PAC
JP3134800006,IHI,JP,PAC
JP3137200006,ISUZU MOTORS,JP,PAC
JP3143000002,ITO EN,JP,PAC
JP3143600009,ITOCHU,JP,PAC
JP3143900003,ITOCHU TECHNO-SOLUTIONS DEAD - DELIST.01/12/23,JP,PAC
JP3148800000,IBIDEN,JP,PAC
JP3152740001,ABC-MART,JP,PAC
JP3156400008,USHIO,JP,PAC
JP3158800007,UBE,JP,PAC
JP3160400002,EISAI,JP,PAC
JP3162600005,SMC,JP,PAC
JP3164630000,SQUARE ENIX HOLDINGS,JP,PAC
JP3164720009,RENESAS ELECTRONICS,JP,PAC
JP3164800009,NOK,JP,PAC
JP3165600002,NTN,JP,PAC
JP3165700000,NTT DATA GROUP,JP,PAC
JP3166000004,EBARA,JP,PAC
JP3167500002,LEOPALACE21,JP,PAC
JP3172100004,OKUMA,JP,PAC
JP3173400007,OBIC,JP,PAC
JP3174410005,OJI HOLDINGS,JP,PAC
JP3180400008,OSAKA GAS,JP,PAC
JP3188220002,OTSUKA HOLDINGS,JP,PAC
JP3190000004,OBAYASHI,JP,PAC
JP3194000000,OKI ELECTRIC IND.,JP,PAC
JP3196000008,ODAKYU ELECTRIC RY.,JP,PAC
JP3197600004,ONO PHARM.,JP,PAC
JP3197800000,OMRON,JP,PAC
JP3198900007,ORIENTAL LAND,JP,PAC
JP3200450009,ORIX,JP,PAC
JP3201200007,OLYMPUS,JP,PAC
JP3203500008,ONWARD HOLDINGS,JP,PAC
JP3205800000,KAO,JP,PAC
JP3209000003,CASIO COMPUTER,JP,PAC
JP3210200006,KAJIMA,JP,PAC
JP3215800008,KANEKA,JP,PAC
JP3218900003,CAPCOM,JP,PAC
JP3219000001,KAMIGUMI,JP,PAC
JP3223800008,KAWASAKI KISEN KAISHA,JP,PAC
JP3224200000,KAWASAKI HEAVY INDUSTRY,JP,PAC
JP3228600007,KANSAI ELECTRIC PWR.,JP,PAC
JP3229400001,KANSAI PAINT,JP,PAC
JP3236200006,KEYENCE,JP,PAC
JP3240400006,KIKKOMAN,JP,PAC
JP3242800005,CANON,JP,PAC
JP3243600008,CANON MARKETING JAPAN,JP,PAC
JP3246400000,KYUSHU ELEC.POWER,JP,PAC
JP3249600002,KYOCERA,JP,PAC
JP3256000005,KYOWA KIRIN,JP,PAC
JP3258000003,KIRIN HOLDINGS,JP,PAC
JP3260800002,KINTETSU GROUP HDG.,JP,PAC
JP3263000006,KINDEN,JP,PAC
JP3266400005,KUBOTA,JP,PAC
JP3268950007,MEDIPAL HOLDINGS,JP,PAC
JP3269600007,KURARAY,JP,PAC
JP3270000007,KURITA WATER IND.,JP,PAC
JP3271400008,CREDIT SAISON,JP,PAC
JP3274400005,GLORY,JP,PAC
JP3276400003,GUNMA BANK,JP,PAC
JP3277800003,KEIO,JP,PAC
JP3278600006,KEISEI ELEC.RAILWAY,JP,PAC
JP3280200001,KEIKYU,JP,PAC
JP3283650004,KOSE,JP,PAC
JP3289800009,KOBE STEEL,JP,PAC
JP3292200007,JTEKT,JP,PAC
JP3293200006,COCA-COLA BOTTLERS JAPAN HOLDINGS,JP,PAC
JP3294460005,INPEX,JP,PAC
JP3300200007,KONAMI GROUP,JP,PAC
JP3300600008,KONICA MINOLTA,JP,PAC
JP3304200003,KOMATSU,JP,PAC
JP3305530002,COMSYS HOLDINGS,JP,PAC
JP3305800009,KOMORI,JP,PAC
JP3305990008,CONCORDIA FINANCIAL GP.,JP,PAC
JP3320800000,SAPPORO HOLDINGS,JP,PAC
JP3322930003,SUMCO,JP,PAC
JP3326410002,SANKYO,JP,PAC
JP3336000009,SANTEN PHARM.,JP,PAC
JP3336600006,SUNDRUG,JP,PAC
JP3347200002,SHIONOGI,JP,PAC
JP3350800003,SHIKOKU ELECTRIC POWER,JP,PAC
JP3351100007,SYSMEX,JP,PAC
JP3351500008,SHIZUOKA FINANCIAL GROUP,JP,PAC
JP3351600006,SHISEIDO,JP,PAC
JP3352000008,77 BANK,JP,PAC
JP3352400000,CITIZEN WATCH,JP,PAC
JP3357200009,SHIMADZU,JP,PAC
JP3358000002,SHIMANO,JP,PAC
JP3358200008,SHIMAMURA,JP,PAC
JP3358800005,SHIMIZU,JP,PAC
JP3359600008,SHARP,JP,PAC
JP3362700001,MITSUI OSK LINES,JP,PAC
JP3368000000,RESONAC HOLDINGS,JP,PAC
JP3371200001,SHIN-ETSU CHEMICAL,JP,PAC
JP3375800004,SHINKO ELEC.INDS.,JP,PAC
JP3381000003,NIPPON STEEL,JP,PAC
JP3385820000,GS YUASA,JP,PAC
JP3385980002,J S R DEAD - DELIST.25/06/24,JP,PAC
JP3386030005,JFE HOLDINGS,JP,PAC
JP3388200002,AEON,JP,PAC
JP3389900006,JAFCO GROUP,JP,PAC
JP3396350005,SKY PERFECT JSAT HDG.,JP,PAC
JP3397200001,SUZUKI MOTOR,JP,PAC
JP3398000004,SUZUKEN,JP,PAC
JP3399400005,STANLEY ELECTRIC,JP,PAC
JP3400900001,SUMITOMO OSAKA CEMENT,JP,PAC
JP3401400001,SUMITOMO CHEMICAL,JP,PAC
JP3402600005,SUMITOMO METAL MINING,JP,PAC
JP3404200002,SUMITOMO RUBBER INDS.,JP,PAC
JP3404600003,SUMITOMO,JP,PAC
JP3405400007,SUMITOMO HEAVY INDS.,JP,PAC
JP3407200009,OSAKA TITANIUM,JP,PAC
JP3407400005,SUMITOMO ELECTRIC IND.,JP,PAC
JP3409000001,SUMITOMO REAL.&DEV.,JP,PAC
JP3411000007,SURUGA BANK,JP,PAC
JP3414750004,SEIKO EPSON,JP,PAC
JP3415400005,SEINO HDG.,JP,PAC
JP3419050004,SEGA SAMMY HDG.,JP,PAC
JP3419400001,SEKISUI CHEMICAL,JP,PAC
JP3420600003,SEKISUI HOUSE,JP,PAC
JP3421100003,JAPAN PETROLEUM EXP.,JP,PAC
JP3421800008,SECOM,JP,PAC
JP3425000001,CENTRAL GLASS,JP,PAC
JP3429800000,ANA HOLDINGS,JP,PAC
JP3435000009,SONY GROUP,JP,PAC
JP3436100006,SOFTBANK GROUP,JP,PAC
JP3436120004,SBI HDG.,JP,PAC
JP3443600006,TAISEI,JP,PAC
JP3449020001,TAIHEIYO CEMENT,JP,PAC
JP3452000007,TAIYO YUDEN,JP,PAC
JP3456000003,TAKASHIMAYA,JP,PAC
JP3459600007,TAKARA HDG.,JP,PAC
JP3463000004,TAKEDA PHARMACEUTICAL,JP,PAC
JP3475350009,DAIICHI SANKYO,JP,PAC
JP3481800005,DAIKIN INDUSTRIES,JP,PAC
JP3485800001,DAICEL,JP,PAC
JP3486800000,DAITO TST.CONSTRUCTION,JP,PAC
JP3491000000,DAIDO STEEL,JP,PAC
JP3493400000,DIC,JP,PAC
JP3493800001,DAI NIPPON PRINTING,JP,PAC
JP3494600004,SCREEN HOLDINGS,JP,PAC
JP3495000006,SUMITOMO PHARMA,JP,PAC
JP3496400007,KDDI,JP,PAC
JP3499800005,MITSUBISHI HC CAPITAL,JP,PAC
JP3500610005,RESONA HOLDINGS,JP,PAC
JP3502200003,DAIWA SECURITIES GROUP,JP,PAC
JP3505000004,DAIWA HOUSE INDUSTRY,JP,PAC
JP3511800009,CHIBA BANK,JP,PAC
JP3519400000,CHUGAI PHARM.,JP,PAC
JP3522200009,CHUGOKU ELEC.POWER,JP,PAC
JP3526600006,CHUBU ELEC.POWER,JP,PAC
JP3528600004,CHIYODA CORPORATION,JP,PAC
JP3535800001,TSUMURA,JP,PAC
JP3538800008,TDK,JP,PAC
JP3539220008,T & D HOLDINGS,JP,PAC
JP3539250005,THK,JP,PAC
JP3544000007,TEIJIN,JP,PAC
JP3546800008,TERUMO,JP,PAC
JP3548610009,DENA,JP,PAC
JP3549600009,DENKA,JP,PAC
JP3551200003,ELEC.POWER DEV.,JP,PAC
JP3551500006,DENSO,JP,PAC
JP3551520004,DENTSU GROUP,JP,PAC
JP3560800009,TOKAI CARBON,JP,PAC
JP3566800003,CENTRAL JAPAN RAILWAY,JP,PAC
JP3571400005,TOKYO ELECTRON,JP,PAC
JP3573000001,TOKYO GAS,JP,PAC
JP3574200006,TOKYU,JP,PAC
JP3579800008,TOKYO STEEL MNFG.,JP,PAC
JP3582600007,TOKYO TATEMONO,JP,PAC
JP3585800000,TOKYO ELECTRIC POWER CO. HDG.,JP,PAC
JP3588600001,TBS HOLDINGS,JP,PAC
JP3592200004,TOSHIBA DEAD - DELIST.20/12/23,JP,PAC
JP3595200001,TOSOH,JP,PAC
JP3596200000,TOTO,JP,PAC
JP3597800006,TOBU RAILWAY,JP,PAC
JP3598600009,TOHO,JP,PAC
JP3599000001,TOHO ZINC,JP,PAC
JP3600200004,TOHO GAS,JP,PAC
JP3605400005,TOHOKU ELECTRIC PWR.,JP,PAC
JP3613000003,TOYO SUISAN KAISHA,JP,PAC
JP3613400005,TOYO SEIKAN GROUP HDG.,JP,PAC
JP3619800000,TOYOBO,JP,PAC
JP3621000003,TORAY INDS.,JP,PAC
JP3625000009,TOKUYAMA,JP,PAC
JP3626800001,LIXIL,JP,PAC
JP3629000005,TOPPAN HOLDINGS,JP,PAC
JP3633400001,TOYOTA MOTOR,JP,PAC
JP3634200004,TOYODA GOSEI,JP,PAC
JP3634600005,TOYOTA INDS.,JP,PAC
JP3635000007,TOYOTA TSUSHO,JP,PAC
JP3635400009,TOYOTA BOSHOKU,JP,PAC
JP3637300009,TREND MICRO,JP,PAC
JP3638600001,DOWA HDG.,JP,PAC
JP3657400002,NIKON,JP,PAC
JP3658850007,NISHI-NIPPON FINL.HDG.,JP,PAC
JP3659000008,WEST JAPAN RAILWAY,JP,PAC
JP3663900003,SOJITZ,JP,PAC
JP3665200006,NICHIREI,JP,PAC
JP3667600005,JGC HOLDINGS,JP,PAC
JP3670800006,NISSAN CHEMICAL,JP,PAC
JP3672400003,NISSAN MOTOR,JP,PAC
JP3675600005,NISSIN FOODS HOLDINGS,JP,PAC
JP3676800000,NISSHIN SEIFUN,JP,PAC
JP3678000005,NISSHINBO HOLDINGS,JP,PAC
JP3684000007,NITTO DENKO,JP,PAC
JP3684400009,NITTO BOSEKI,JP,PAC
JP3686800008,NIPPON SHEET GLASS,JP,PAC
JP3688370000,NIPPON EXPRESS HOLDINGS,JP,PAC
JP3689500001,ORACLE JAPAN,JP,PAC
JP3695200000,NGK INSULATORS,JP,PAC
JP3711200000,AOZORA BANK,JP,PAC
JP3711600001,NIPPON SANSO HOLDINGS,JP,PAC
JP3718800000,NISSUI,JP,PAC
JP3720800006,NSK,JP,PAC
JP3721400004,JAPAN STEEL WORKS,JP,PAC
JP3726200003,NIPPON SODA,JP,PAC
JP3726800000,JAPAN TOBACCO,JP,PAC
JP3729000004,SBI SHINSEI BANKLIMITED DEAD - DELIST.28/09/23,JP,PAC
JP3732200005,NIPPON TELEVISION HDG.,JP,PAC
JP3733000008,NEC,JP,PAC
JP3733400000,NIPPON ELEC.GLASS,JP,PAC
JP3734800000,NIDEC,JP,PAC
JP3735400008,NIPPON TELG. & TEL.,JP,PAC
JP3738600000,NITERRA,JP,PAC
JP3742600004,NHK SPRING,JP,PAC
JP3743000006,NH FOODS,JP,PAC
JP3753000003,NIPPON YUSEN KK,JP,PAC
JP3756100008,NITORI HOLDINGS,JP,PAC
JP3756600007,NINTENDO,JP,PAC
JP3762600009,NOMURA HDG.,JP,PAC
JP3762800005,NOMURA RESEARCH INST.,JP,PAC
JP3765400001,HOUSE SHOKUHIN GP.HONSHA K K,JP,PAC
JP3766550002,HAKUHODO DY HDG.,JP,PAC
JP3768600003,HASEKO,JP,PAC
JP3769000005,HACHIJUNI BANK,JP,PAC
JP3771800004,HAMAMATSU PHOTONICS,JP,PAC
JP3774200004,HANKYU HANSHIN HDG.,JP,PAC
JP3778630008,BANDAI NAMCO HDG.,JP,PAC
JP3780100008,PARK24,JP,PAC
JP3783420007,HIKARI TSUSHIN,JP,PAC
JP3783600004,EAST JAPAN RAILWAY,JP,PAC
JP3786200000,HITACHI METALS DEAD - DELIST.29/12/22,JP,PAC
JP3787000003,HITACHI CON.MCH.,JP,PAC
JP3788600009,HITACHI,JP,PAC
JP3789000001,KANADEVIA,JP,PAC
JP3791200003,HITACHI TRANSPORT SYSTEM DEAD - DELIST.24/02/23,JP,PAC
JP3792600003,HINO MOTORS,JP,PAC
JP3796150005,HIROGIN HOLDINGS,JP,PAC
JP3799000009,HIROSE ELECTRIC,JP,PAC
JP3802300008,FAST RETAILING,JP,PAC
JP3802400006,FANUC,JP,PAC
JP3811000003,FUJIKURA,JP,PAC
JP3814000000,FUJIFILM HOLDINGS,JP,PAC
JP3814800003,SUBARU,JP,PAC
JP3818000006,FUJITSU,JP,PAC
JP3819400007,FUJI MEDIA HOLDINGS,JP,PAC
JP3820000002,FUJI ELECTRIC,JP,PAC
JP3826800009,FURUKAWA,JP,PAC
JP3827200001,FURUKAWA ELECTRIC,JP,PAC
JP3830000000,BROTHER INDUSTRIES,JP,PAC
JP3830800003,BRIDGESTONE,JP,PAC
JP3834800009,HEIWA REAL ESTATE,JP,PAC
JP3835620000,BENESSE HOLDINGS DEAD - DELIST.17/05/24,JP,PAC
JP3837800006,HOYA,JP,PAC
JP3841800000,HOKUETSU,JP,PAC
JP3842400008,HOKUHOKU FINL. GP.,JP,PAC
JP3845400005,HOKURIKU ELEC.POWER,JP,PAC
JP3850200001,HOKKAIDO ELEC.POWER,JP,PAC
JP3854600008,HONDA MOTOR,JP,PAC
JP3862400003,MAKITA,JP,PAC
JP3863800003,MATSUI SECURITIES,JP,PAC
JP3866800000,PANASONIC HOLDINGS,JP,PAC
JP3868400007,MAZDA MOTOR,JP,PAC
JP3869010003,MATSUKIYOKARA,JP,PAC
JP3870000001,MABUCHI MOTOR,JP,PAC
JP3870400003,MARUI GROUP,JP,PAC
JP3877600001,MARUBENI,JP,PAC
JP3885400006,MISUMI GROUP,JP,PAC
JP3885780001,MIZUHO FINL.GP.,JP,PAC
JP3888300005,MITSUI CHEMICALS,JP,PAC
JP3888400003,MITSUI MNG.& SMELT.,JP,PAC
JP3890310000,MS&AD INSURANCE GP.HDG.,JP,PAC
JP3890350006,SUMITOMO MITSUI FINL.GP.,JP,PAC
JP3891600003,MITSUI E&S,JP,PAC
JP3892100003,SUMITOMO MITSUI TRUST GROUP,JP,PAC
JP3893200000,MITSUI FUDOSAN,JP,PAC
JP3893600001,MITSUI,JP,PAC
JP3894900004,ISETAN MITSUKOSHI HDG.,JP,PAC
JP3896800004,MITSUBISHI GAS CHM.,JP,PAC
JP3898400001,MITSUBISHI,JP,PAC
JP3899600005,MITSUBISHI ESTATE,JP,PAC
JP3899800001,MITSUBISHI MOTORS,JP,PAC
JP3900000005,MITSUBISHI HEAVY INDS.,JP,PAC
JP3901200000,MITSUBISHI PAPER MILLS,JP,PAC
JP3902000003,MITSUBISHI LOGISTICS,JP,PAC
JP3902400005,MITSUBISHI ELECTRIC,JP,PAC
JP3902900004,MITSUBISHI UFJ FINL.GP.,JP,PAC
JP3903000002,MITSUBISHI MATERIALS,JP,PAC
JP3906000009,MINEBEA MITSUMI,JP,PAC
JP3910660004,TOKIO MARINE HOLDINGS,JP,PAC
JP3914400001,MURATA MANUFACTURING,JP,PAC
JP3919800007,MEIDENSHA,JP,PAC
JP3931600005,YAKULT HONSHA,JP,PAC
JP3933800009,LY,JP,PAC
JP3935600001,YAMAZAKI BAKING,JP,PAC
JP3939000000,YAMADA HOLDINGS,JP,PAC
JP3940000007,YAMATO HDG.,JP,PAC
JP3940400009,YAMATO KOGYO,JP,PAC
JP3942400007,ASTELLAS PHARMA,JP,PAC
JP3942600002,YAMAHA,JP,PAC
JP3942800008,YAMAHA MOTOR,JP,PAC
JP3944130008,USS,JP,PAC
JP3951200009,UNITIKA,JP,PAC
JP3951600000,UNI CHARM,JP,PAC
JP3955000009,YOKOGAWA ELECTRIC,JP,PAC
JP3967200001,RAKUTEN GROUP,JP,PAC
JP3973400009,RICOH,JP,PAC
JP3977400005,RINNAI,JP,PAC
JP3982100004,LAWSON DEAD - DELIST.24/07/24,JP,PAC
JP3982800009,ROHM,JP,PAC
JP3992400006,WACOAL HDG.,JP,PAC
KR7000100008,YUHAN,KR,EM
KR7000120006,CJ LOGISTICS,KR,EM
KR7000150003,DOOSAN FUEL CELL,KR,EM
KR7000210005,DL,KR,EM
KR7000240002,HANKOOK & COMPANY,KR,EM
KR7000270009,KIA CORPORATION,KR,EM
KR7000660001,SK HYNIX,KR,EM
KR7000700005,EUSU HOLDINGS,KR,EM
KR7000720003,HYUNDAI ENGR.& CON.,KR,EM
KR7000810002,SAMSUNG FIRE & MAR.IN.,KR,EM
KR7000880005,HANWHA,KR,EM
KR7001040005,CJ,KR,EM
KR7001120005,LX INTERNATIONAL,KR,EM
KR7001230002,DONGKUK HOLDINGS,KR,EM
KR7001440007,TAIHAN ELECTRIC WIRE,KR,EM
KR7001740000,SK NETWORKS,KR,EM
KR7001800002,ORION HOLDINGS,KR,EM
KR7002380004,KCC,KR,EM
KR7002790004,AMOREPACIFIC GROUP,KR,EM
KR7002990000,KUMHOE&C,KR,EM
KR7003470002,YUANTA SECURITIES KOREA,KR,EM
KR7003480001,HANJIN HVIND.& CON.HDG.,KR,EM
KR7003490000,KOREAN AIR LINES,KR,EM
KR7003550001,LG,KR,EM
KR7004020004,HYUNDAI STEEL,KR,EM
KR7004170007,SHINSEGAE,KR,EM
KR7004370003,NONGSHIM,KR,EM
KR7004990008,LOTTE,KR,EM
KR7005300009,LOTTE CHILSUNG,KR,EM
KR7005380001,HYUNDAI MOTOR,KR,EM
KR7005490008,POSCO HOLDINGS,KR,EM
KR7005830005,DB INSURANCE,KR,EM
KR7005880000,KOREA LINE,KR,EM
KR7005930003,SAMSUNG ELECTRONICS,KR,EM
KR7005940002,NH INVESTMENT & SECS.,KR,EM
KR7006120000,SK DISCOVERY,KR,EM
KR7006260004,LS,KR,EM
KR7006360002,GS ENGR. & CON.,KR,EM
KR7006400006,SAMSUNG SDI,KR,EM
KR7006800007,MIRAE ASSET SECURITIES,KR,EM
KR7009150004,SAMSUNG ELTO.MECHANICS,KR,EM
KR7009540006,HD KOA.SHIPBLDG.& OFFS. ENGR.,KR,EM
KR7009830001,HANWHA SOLUTIONS,KR,EM
KR7010060002,OCI HOLDINGS COMPANY,KR,EM
KR7010120004,LS ELECTRIC,KR,EM
KR7010130003,KOREA ZINC,KR,EM
KR7010140002,SAMSUNG HEAVY INDS.,KR,EM
KR7010620003,HD HYUNDAI MIPO,KR,EM
KR7010950004,S-OIL,KR,EM
KR7011170008,LOTTE CHEMICAL,KR,EM
KR7011200003,HMM,KR,EM
KR7011810009,STX,KR,EM
KR7012330007,HYUNDAI MOBIS,KR,EM
KR7012450003,HANWHA AEROSPACE,KR,EM
KR7012630000,HDC HOLDINGS,KR,EM
KR7012750006,S-1,KR,EM
KR7015760002,KOREA ELECTRIC POWER,KR,EM
KR7016360000,SAMSUNG SECURITIES,KR,EM
KR7017670001,SK TELECOM,KR,EM
KR7021240007,COWAY,KR,EM
KR7023530009,LOTTE SHOPPING,KR,EM
KR7024110009,INDUSTRIAL BANK OF KOREA,KR,EM
KR7028050003,SAMSUNG E&A,KR,EM
KR7028670008,PANOCEAN,KR,EM
KR7030200000,KT,KR,EM
KR7032640005,LG UPLUS,KR,EM
KR7033780008,KT & G,KR,EM
KR7034020008,DOOSAN ENERBILITY,KR,EM
KR7034220004,LG DISPLAY,KR,EM
KR7035250000,KANGWON LAND,KR,EM
KR7035420009,NAVER,KR,EM
KR7036460004,KOREA GAS,KR,EM
KR7036570000,NCSOFT,KR,EM
KR7042660001,HANWHA OCEAN,KR,EM
KR7042670000,HD HYUNDAI INFRACORE,KR,EM
KR7047040001,DAEWOO ENGR.& CON.,KR,EM
KR7047050000,POSCO INTERNATIONAL,KR,EM
KR7051900009,LG H & H,KR,EM
KR7051910008,LG CHEM,KR,EM
KR7066570003,LG ELECTRONICS,KR,EM
KR7069960003,HYUNDAI DEPARTMENT STORE,KR,EM
KR7071050009,KOREA INVESTMENT HDG.,KR,EM
KR7077970002,STX ENGINE,KR,EM
KR7078930005,GS HOLDINGS,KR,EM
KR7086280005,HYUNDAI GLOVIS,KR,EM
KR7097230007,HJ SHIPBUILDING & CONSTRUCTION,KR,EM
KR7105560007,KB FINANCIAL GROUP,KR,EM
KYG011981035,AGILE GROUP HDG.,CN,EM
KYG0535Q1331,ASMPT,HK,PAC
KYG2108Y1052,CHINA RESOURCES LAND,HK,PAC
KYG210961051,CHINA MENGNIU DAIRY,HK,PAC
KYG217651051,CK HUTCHISON HOLDINGS,HK,PAC
KYG2953R1149,AAC TECHNOLOGIES HDG.,CN,EM
KYG3066L1014,ENN ENERGY HOLDINGS,CN,EM
KYG3472Y1017,FIH MOBILE,TW,EM
KYG4412G1010,HERBALIFE,KY,Other
KYG525621408,KINGBOARD HOLDINGS,HK,PAC
KYG5427W1309,LEE & MAN PAPER MNFG.,HK,PAC
KYG548561284,LIFESTYLE INTL.HDG. DEAD - DELIST.21/12/22,HK,PAC
KYG5496K1242,LI NING,CN,EM
KYG5636C1078,LONKING HOLDINGS,CN,EM
KYG693701156,PARKSON RETAIL GROUP,CN,EM
KYG8020E1199,SEMICON.MNFG.INTL.,CN,EM
KYG811511131,SHUI ON LAND,CN,EM
KYG826001003,SOHO CHINA,CN,EM
KYG875721634,TENCENT HOLDINGS,CN,EM
KYG8878S1030,TINGYI CYMN.ISLE.HLDG.,CN,EM
KYG9431R1039,WANT WANT CHINA HOLDINGS,SG,PAC
LK0092N00003,JOHN KEELLS HOLDINGS,LK,FRON
LK0348N00009,DIALOG AXIATA,LK,FRON
LR0008862868,ROYAL CARIBBEAN GROUP,US,AMER
LU0038705702,MILLICOM INTL.CELU.,LU,Other
LU0061462528,RTL GROUP,LU,Other
LU0075646355,SUBSEA 7,GB,EUR
LU0088087324,SES FDR (LUX),LU,Other
LU1598757687,ARCELORMITTAL,LU,Other
MA0000010019,STE NATIONALE DE SIDERURGIE,MA,FRON
MA0000010506,CIMENT DU MAROC,MA,FRON
MA0000011488,ITISSALAT AL MAGHRIB STE,MA,FRON
MA0000011884,BANQUE POPULAIRE,MA,FRON
MA0000012320,LAFARGEHOLCIM MAROC,MA,FRON
MU0117U00026,GOLDEN AGRI-RESOURCES,SG,PAC
MX01AM050019,AMERICA MOVIL B,MX,EM
MX01EL000003,GRUPO ELEKTRA,MX,EM
MX01HO000007,DESARROLLADORA HOMEX,MX,EM
MX01WA000038,WALMART DE MEXICO 'V',MX,EM
MXP000511016,ALFA 'A',MX,EM
MXP225611567,CEMEX CPO,MX,EM
MXP320321310,FOMENTO ECONOMICO MEXICANO,MX,EM
MXP370641013,GRUPO FINANCIERO INBURSA SRIES 'O',MX,EM
MXP370711014,GPO FINANCE BANORTE,MX,EM
MXP370841019,GRUPO MEXICO 'B',MX,EM
MXP461181085,GRUPO CARSO SERIES A1,MX,EM
MXP495211262,GRUPO BIMBO 'A',MX,EM
MXP4987V1378,GRUPO TELEVISA,MX,EM
MXP554091415,INDUST PENOLES,MX,EM
MXP606941179,KIMBERLY-CLARK DE MEXICO 'A',MX,EM
MXP8728U1671,ORGANIZACION SORIANA,MX,EM
MYL1015OO006,AMMB HOLDINGS,MY,EM
MYL1023OO000,CIMB GROUP HOLDINGS,MY,EM
MYL1082OO006,HONG LEONG FINL.GP.,MY,EM
MYL1155OO000,MALAYAN BANKING,MY,EM
MYL1295OO004,PUBLIC BANK,MY,EM
MYL1818OO003,BURSA MALAYSIA,MY,EM
MYL1899OO003,BATU KAWAN,MY,EM
MYL1961OO001,IOI CORPORATION,MY,EM
MYL2291OO002,GENTING PLANTATIONS,MY,EM
MYL2445OO004,KUALA LUMPUR KEPONG,MY,EM
MYL3182OO002,GENTING,MY,EM
MYL3336OO004,IJM CORPORATION,MY,EM
MYL3395OO000,BERJAYA CORPORATION,MY,EM
MYL3689OO006,FRASER & NEAVE HOLDINGS,MY,EM
MYL3816OO005,MISC BHD.,MY,EM
MYL4065OO008,PPB GROUP,MY,EM
MYL4162OO003,BRIT.AMER.TOB.(MALAYSIA),MY,EM
MYL4197OO009,SIME DARBY,MY,EM
MYL4324OO009,HENGYUAN REFINING COMPANY,MY,EM
MYL4588OO009,UMW HOLDINGS DEAD - DELIST.19/02/24,MY,EM
MYL4677OO000,YTL CORPORATION,MY,EM
MYL4707OO005,NESTLE (MALAYSIA),MY,EM
MYL4715OO008,GENTING MALAYSIA,MY,EM
MYL4863OO006,TELEKOM MALAYSIA,MY,EM
MYL5014OO005,MALAYSIA AIRPORTS HDG.,MY,EM
MYL5077OO002,MAYBULK,MY,EM
MYL5099OO006,CAPITAL A,MY,EM
MYL5235SS008,KLCC PROPERTY HOLDINGS STAPLED UNITS,MY,EM
MYL5347OO009,TENAGA NASIONAL,MY,EM
MYL5398OO002,GAMUDA,MY,EM
MYL5657OO001,PARKSON HOLDINGS,MY,EM
MYL5681OO001,PETRONAS DAGANGAN,MY,EM
MYL5819OO007,HONG LEONG BANK,MY,EM
MYL6033OO004,PETRONAS GAS,MY,EM
MYL6947OO005,CELCOMDIGI,MY,EM
MYL7164OO006,KNM GROUP,MY,EM
MYL8664OO004,SP SETIA,MY,EM
NL0000008977,HEINEKEN HOLDING,NL,EUR
NL0000009082,KPN KON,NL,EUR
NL0000009165,HEINEKEN,NL,EUR
NL0000009538,PHILIPS ELTN.KONINKLIJKE,NL,EUR
NL0000226223,STMICROELECTRONICS,NL,EUR
NL0000235190,AIRBUS,NL,EUR
NL0000289213,WERELDHAVE,NL,EUR
NL0000337319,BAM GROEP KON.,NL,EUR
NL0000360618,SBM OFFSHORE,NL,EUR
NL0000379121,RANDSTAD,NL,EUR
NL0000395903,WOLTERS KLUWER,NL,EUR
NL0006237562,ARCADIS,NL,EUR
NL0009432491,KONINKLIJKE VOPAK,NL,EUR
NL0010273215,ASML HOLDING,NL,EUR
NL0010583399,CORBION NV C,NL,EUR
NL0011794037,KONINKLIJKE AHOLD DELHAIZE,NL,EUR
NL0011821202,ING GROEP,NL,EUR
NL0013267909,AKZO NOBEL,NL,EUR
NL0013332471,TOM TOM,NL,EUR
NL00150001Q9,STELLANTIS,NL,EUR
NL00150003E1,FUGRO C,NL,EUR
NL0015001FS8,FERROVIAL,NL,EUR
NL0015435975,DAVIDE CAMPARI MILANO,IT,EUR
NO0003028904,SCHIBSTED A,NO,EUR
NO0003053605,STOREBRAND,NO,EUR
NO0003054108,MOWI,NO,EUR
NO0003078800,TGS,NO,EUR
NO0003733800,ORKLA,NO,EUR
NO0005052605,NORSK HYDRO,NO,EUR
NO0010063308,TELENOR,NO,EUR
NO0010096985,EQUINOR,NO,EUR
NO0010112675,REC SILICON,NO,EUR
NO0010199151,PGS DEAD - DELIST.02/07/24,NO,EUR
NO0010208051,YARA INTERNATIONAL,NO,EUR
NO0010215684,AKASTOR,NO,EUR
NO0010861990,PROSAFE,NO,EUR
NO0012470089,TOMRA SYSTEMS,NO,EUR
NZAIAE0002S6,AUCKLAND INTL.AIRPORT,NZ,PAC
NZAIRE0001S2,AIR NEW ZEALAND,NZ,PAC
NZCENE0001S6,CONTACT ENERGY,NZ,PAC
NZFBUE0001S0,FLETCHER BUILDING,NZ,PAC
NZSKCE0001S2,SKY CITY ENTM.GP.,NZ,PAC
NZTELE0001S4,SPARK NEW ZEALAND,NZ,PAC
PA1436583006,CARNIVAL,US,AMER
PEP116001004,BANCO BBVA PERU,PE,EM
PEP617001008,SOCIEDAD MINERA EL BROCAL SAA,PE,EM
PEP620001003,NEXA RESOURCES PERU,PE,EM
PEP622005002,MINSUR 'I',PE,EM
PEP646501002,CERRO VERDE,PE,EM
PEP648014202,VOLCAN COMPANIA MINERA B PREF.,PE,EM
PEP700511004,ORYGEN PERU,PE,EM
PEP702101002,ENGIE ENERGIA PERU,PE,EM
PHY0001Z1040,ABOITIZ EQUITY VENT.,PH,EM
PHY0005M1090,ABOITIZ POWER,PH,EM
PHY003341054,ALLIANCE GLOBAL GP.,PH,EM
PHY0486V1154,AYALA,PH,EM
PHY0488F1004,AYALA LAND,PH,EM
PHY077751022,BDO UNIBANK,PH,EM
PHY0967S1694,BANK OF THE PHILP.ISLE.,PH,EM
PHY272571498,GLOBE TELECOM,PH,EM
PHY411571011,INTL.CTNR.TERM.SVS.,PH,EM
PHY4466S1007,JOLLIBEE FOODS,PH,EM
PHY5764J1483,MANILA ELECTRIC,PH,EM
PHY594811127,MEGAWORLD,PH,EM
PHY6028G1361,METROPOLITAN BANK AND TRUST,PH,EM
PHY6885F1067,PETRON,PH,EM
PHY7072Q1032,PLDT,PH,EM
PHY751061151,SAN MIGUEL,PH,EM
PHY806761029,SM INVESTMENTS,PH,EM
PHY8076N1120,SM PRIME HOLDINGS,PH,EM
PHY9297P1004,UNIVERSAL ROBINA,PH,EM
PK0022501016,PAKISTAN STATE OIL COMPANY,PK,EM
PK0053401011,FAUJI FERTILIZER COMPANY,PK,EM
PK0060301014,JAHANGIR SIDDIQUI & COMPANY,PK,EM
PK0078001010,NATIONAL BANK OF PAKISTAN,PK,EM
PK0081901016,UNITED BANK,PK,EM
PLBH00000012,BANK HANDLOWY W WARSZAWIE,PL,EM
PLBIG0000016,BANK MILLENNIUM,PL,EM
PLBSK0000017,ING BANK SLASKI,PL,EM
PLBUDMX00013,BUDIMEX,PL,EM
PLBZ00000044,SANTANDER BANK POLSKA,PL,EM
PLCIECH00018,CIECH DEAD - DELIST.07/03/24,PL,EM
PLGTC0000037,GLOBE TRADE CENTRE,PL,EM
PLKGHM000017,KGHM,PL,EM
PLLOTOS00025,GRUPA LOTOS DEAD - DELIST.12/08/22,PL,EM
PLMSTSD00019,POLIMEX MOSTOSTAL,PL,EM
PLPEKAO00016,BANK POLSKA KASA OPIEKI,PL,EM
PLPGNIG00014,POLISH OIL AND GAS DEAD - DELIST.18/11/22,PL,EM
PLPKN0000018,ORLEN,PL,EM
PLPKO0000016,PKO BANK,PL,EM
PLSTLPD00017,STALPRODUKT,PL,EM
PLTLKPL00017,ORANGE POLSKA,PL,EM
PR7331747001,POPULAR,PR,
PTBCP0AM0015,BANCO COMR.PORTUGUES 'R',PT,EUR
PTEDP0AM0009,EDP ENERGIAS DE PORTUGAL,PT,EUR
PTJMT0AE0001,JERONIMO MARTINS,PT,EUR
PTSON0AM0001,SONAE SGPS,PT,EUR
PTZON0AM0006,NOS SGPS,PT,EUR
RU0007288411,MMC NORILSK NICKEL,RU,EM
RU0007661302,URALKALI,RU,EM
RU0007661625,GAZPROM,RU,EM
RU0008943394,ROSTELECOM,RU,EM
RU0009024277,NK LUKOIL,RU,EM
RU0009029540,SBERBANK OF RUSSIA,RU,EM
RU0009033591,TATNEFT,RU,EM
RU0009046510,SEVERSTAL,RU,EM
RU0009062467,GAZPROM NEFT,RU,EM
RU0009084396,MAGNITOGORSK IOSTL.WORKS,RU,EM
RU000A0B6NK6,TMK OAO,RU,EM
RU000A0DKVS5,NOVATEK,RU,EM
RU000A0DQZE3,SISTEMA JSFC,RU,EM
RU000A0J2Q06,OC ROSNEFT,RU,EM
RU000A0JP5V6,VTB BANK,RU,EM
RU000A0JPKH7,FED.HYGN.CO. RUSHYDRO,RU,EM
SE0000106270,HENNES & MAURITZ B,SE,EUR
SE0000108227,SKF B,SE,EUR
SE0000108656,ERICSSON B,SE,EUR
SE0000111940,RATOS B,SE,EUR
SE0000112724,SVENSKA CELLULOSA AKTIEBOLAGET SCA B,SE,EUR
SE0000113250,SKANSKA B,SE,EUR
SE0000114837,TRELLEBORG B,SE,EUR
SE0000148884,SKANDINAVISKA ENSKILDA BANKEN A,SE,EUR
SE0000163594,SECURITAS B,SE,EUR
SE0000163628,ELEKTA B,SE,EUR
SE0000171100,SSAB A,SE,EUR
SE0000190126,INDUSTRIVARDEN A,SE,EUR
SE0000202624,GETINGE B,SE,EUR
SE0000242455,SWEDBANK A,SE,EUR
SE0000379190,CASTELLUM,SE,EUR
SE0000667891,SANDVIK,SE,EUR
SE0000667925,TELIA COMPANY,SE,EUR
SE0000695876,ALFA LAVAL,SE,EUR
SE0000806994,JM,SE,EUR
SE0000862997,BILLERUD AKTIEBOLAG,SE,EUR
SE0000949331,NOBIA,SE,EUR
SE0001662230,HUSQVARNA B,SE,EUR
SE0003366871,SAS DEAD - DELIST.14/08/24,SE,EUR
SE0005190238,TELE2 B,SE,EUR
SE0006993770,AXFOOD,SE,EUR
SE0007100581,ASSA ABLOY B,SE,EUR
SE0007100599,SVENSKA HANDELSBANKEN A,SE,EUR
SE0011090018,HOLMEN B,SE,EUR
SE0011166974,FABEGE,SE,EUR
SE0011256312,ENIRO GROUP,SE,EUR
SE0015811955,INVESTOR A,SE,EUR
SE0015812219,SWEDISH MATCH DEAD - DELIST.02/01/23,SE,EUR
SE0015961909,HEXAGON B,SE,EUR
SE0015988019,NIBE INDUSTRIER,SE,EUR
SE0016589188,ELECTROLUX B,SE,EUR
SE0017486889,ATLAS COPCO A,SE,EUR
SE0018012494,MODERN TIMES GROUP MTG B,SE,EUR
SE0018012635,WIHLBORGS FASTIGHETER,SE,EUR
SE0020050417,BOLIDEN ORD SHS,SE,EUR
SG0531000230,VENTURE CORPORATION,SG,PAC
SG1B51001017,JARDINE CYC.& CARR.,SG,PAC
SG1F60858221,SINGAPORE TECHS.ENGR.,SG,PAC
SG1J26887955,SINGAPORE EXCHANGE,SG,PAC
SG1L01001701,DBS GROUP HOLDINGS,SG,PAC
SG1M31001969,UNITED OVERSEAS BANK,SG,PAC
SG1M51904654,CAPITALAND INTEG. COML. TST.,SG,PAC
SG1M77906915,CAPITALAND ASCENDAS REIT,SG,PAC
SG1N31909426,COMFORTDELGRO CORPORATION,SG,PAC
SG1P66918738,SINGAPORE PRESS HDG. DEAD - DELIST.13/05/22,SG,PAC
SG1R50925390,SEMBCORP INDUSTRIES,SG,PAC
SG1R89002252,CITY DEVELOPMENTS,SG,PAC
SG1S04926220,OVERSEA-CHINESE BKG.,SG,PAC
SG1S76928401,COSCO SHIPPING INTERNATIONAL,SG,PAC
SG1S83002349,UOL GROUP,SG,PAC
SG1T58930911,FRASER AND NEAVE,SG,PAC
SG1T75931496,SINGAPORE TELECOM,SG,PAC
SG1U68934629,KEPPEL,SG,PAC
SG1V61937297,SINGAPORE AIRLINES,SG,PAC
SG2B80958517,OUE,SG,PAC
SG9999000020,FLEX,SG,PAC
SG9999003735,XP POWER (DI),SG,PAC
SGXE21576413,GENTING SINGAPORE,SG,PAC
SGXE34184239,SEATRIUM,SG,PAC
SGXE65760014,OLAM GROUP,SG,PAC
TH0001010006,BANGKOK BANK,TH,EM
TH0003010Z04,SIAM CEMENT,TH,EM
TH0016010009,KASIKORNBANK,TH,EM
TH0021010Z06,SIAM CITY CEMENT,TH,EM
TH0023010000,BANK OF AYUDHYA,TH,EM
TH0068010Z07,TMBTHANACHART BANK,TH,EM
TH0083B10Z02,THANACHART CAPITAL,TH,EM
TH0101A10Z01,CHAROEN POKPHAND FOODS,TH,EM
TH0128B10Z09,MINOR INTERNATIONAL,TH,EM
TH0143010Z08,LAND AND HOUSES,TH,EM
TH0148A10Z06,BANPU,TH,EM
TH0150010Z03,KRUNG THAI BANK,TH,EM
TH0168A10Z01,BUMRUNGRAD HOSPITAL,TH,EM
TH0245010002,THAI AIRWAYS INTL. SUSP - SUSP.25/03/24,TH,EM
TH0264A10Z04,BANGKOK DUSIT MED.SVS.,TH,EM
TH0268010Z03,ADVANCED INFO SER.,TH,EM
TH0324B10Z01,HANA MICROELECTRONICS,TH,EM
TH0355A10Z04,PTT EXPLORATION & PRDN.,TH,EM
TH0450010Y08,THAI UNION GROUP,TH,EM
TH0465010005,ELECTRICITY GENERATING,TH,EM
TH0471010Y04,IRPC,TH,EM
TH0481B10Z00,CENTRAL PATTANA,TH,EM
TH0554010Z06,TOTAL ACCESS COMMS. DEAD - DELIST.01/03/23,TH,EM
TH0592010Z06,BEC WORLD,TH,EM
TH0637010Y00,RATCH GROUP PCL,TH,EM
TH0646010Z00,PTT,TH,EM
TH0737010Y08,CP ALL,TH,EM
TH0765010Z08,AIRPORTS OF THAILAND,TH,EM
TH0796010005,THAI OIL,TH,EM
TH1074010006,PTT GLOBAL CHEMICAL,TH,EM
THA790010005,SCB X PUBLIC COMPANY LIMITED,TH,EM
TRAAEFES91A9,ANADOLU EFES BIRACILIK LTD.,TR,EM
TRAAKBNK91N6,AKBANK,TR,EM
TRAARCLK91H5,ARCELIK,TR,EM
TRADOHOL91Q8,DOGAN SRKGRBU.HLDG.,TR,EM
TRAEREGL91G3,EREGLI DEMIR CELIK,TR,EM
TRAGARAN91N1,TKI.GARANTI BKSI.,TR,EM
TRAISCTR91N2,TURKIYE IS BANKASI 'C',TR,EM
TRAKCHOL91Q8,KOC HOLDING,TR,EM
TRAOTOSN91H6,FORD OTOMOTIV SANAYI,TR,EM
TRASAHOL91Q5,HACI OMER SABANCI HLDG.,TR,EM
TRASISEW91Q3,TKI.SISE VE CAM FKI.,TR,EM
TRATCELL91M1,TURKCELL ILETISIM HZM.,TR,EM
TRATHYAO91M5,TURK HAVA YOLLARI,TR,EM
TRATUPRS91E8,TUPRAS TKI.PEL.RFNE.,TR,EM
TRAYAZIC91Q6,ANADOLU GRUBU HOLDING A,TR,EM
TRAYKBNK91N6,YAPI VE KREDI BANKASI,TR,EM
TREBIMM00018,BIM BIRLESIK MAGAZALAR,TR,EM
TRECOLA00011,COCA COLA ICECEK,TR,EM
TREENKA00011,ENKA INSAAT VE SANAYI A,TR,EM
TRETAVH00018,TAV HAVALIMANLARI,TR,EM
TRETHAL00019,TURKIYE HALK BANKASI,TR,EM
TRETKHO00012,TEKFEN HOLDING,TR,EM
TREULKR00015,ULKER BISKUVI SANAYI,TR,EM
TREVKFB00019,TKI.VAKIFLAR BANKASI,TR,EM
TW0001102002,ASIA CEMENT,TW,EM
TW0001216000,UNI-PRESIDENT ENTS.,TW,EM
TW0001301000,FORMOSA PLASTICS,TW,EM
TW0001303006,NAN YA PLASTICS,TW,EM
TW0001326007,FORMOSA CHEMS.& FIBRE,TW,EM
TW0001402006,FAR EASTERN NEW CENTURY,TW,EM
TW0001409001,SHINKONG SYNTHETIC FIBER,TW,EM
TW0001434009,FORMOSA TAFFETA,TW,EM
TW0001503001,SHIHLIN ELEC.& ENGR.,TW,EM
TW0001504009,TECO ELEC.& MACHINERY,TW,EM
TW0001605004,WALSIN LIHWA,TW,EM
TW0001717007,ETERNAL MATERIALS,TW,EM
TW0001722007,TAIWAN FERTILIZER,TW,EM
TW0001723005,CHINA STEEL CHEMICAL,TW,EM
TW0001785004,SOLAR APPD.MATS.TECH.,TW,EM
TW0001802007,TAIWAN GLASS IND.,TW,EM
TW0001907004,YUEN FOONG YU PAPR.MNFG.,TW,EM
TW0002002003,CHINA STEEL,TW,EM
TW0002006004,TUNG HO STL.ENTER.,TW,EM
TW0002014008,CHUNG HUNG STEEL,TW,EM
TW0002015005,FENG HSIN STEEL,TW,EM
TW0002023009,YIEH PHUI ENTERPRISE,TW,EM
TW0002101003,NANKANG RUBBER TIRE,TW,EM
TW0002103009,TSRC,TW,EM
TW0002105004,CHENG SHIN RUB.INDS.,TW,EM
TW0002201001,YULON MOTOR,TW,EM
TW0002204005,CHINA MOTOR,TW,EM
TW0002207008,HOTAI MOTOR,TW,EM
TW0002301009,LITE-ON TECHNOLOGY,TW,EM
TW0002303005,UNITED MICRO ELTN.,TW,EM
TW0002308004,DELTA ELECTRONICS,TW,EM
TW0002317005,HON HAI PRECN.IND.,TW,EM
TW0002323003,CMC MAGNETICS,TW,EM
TW0002324001,COMPAL ELECTRONICS,TW,EM
TW0002327004,YAGEO,TW,EM
TW0002328002,PAN-INTL.INDL.,TW,EM
TW0002330008,TAIWAN SEMICON.MNFG.,TW,EM
TW0002332004,D-LINK,TW,EM
TW0002337003,MACRONIX INTL.,TW,EM
TW0002344009,WINBOND ELTN.,TW,EM
TW0002347002,SYNNEX TECH.INTL.,TW,EM
TW0002349008,RITEK,TW,EM
TW0002352002,QISDA,TW,EM
TW0002353000,ACER,TW,EM
TW0002354008,FOXCONN TECHNOLOGY,TW,EM
TW0002356003,INVENTEC,TW,EM
TW0002357001,ASUSTEK COMPUTER,TW,EM
TW0002362001,CLEVO,TW,EM
TW0002371002,TATUNG,TW,EM
TW0002377009,MICRO-STAR INTERNATIONAL,TW,EM
TW0002379005,REALTEK SEMICON.,TW,EM
TW0002382009,QUANTA COMPUTER,TW,EM
TW0002385002,CHICONY ELECTRONICS,TW,EM
TW0002388006,VIA TECHNOLOGIES,TW,EM
TW0002392008,CHENG UEI PRECISION IND.,TW,EM
TW0002393006,EVERLIGHT ELECTRONICS,TW,EM
TW0002395001,ADVANTECH,TW,EM
TW0002408002,NANYA TECHNOLOGY,TW,EM
TW0002409000,AUO,TW,EM
TW0002412004,CHUNGHWA TELECOM,TW,EM
TW0002451002,TRANSCEND INFO.,TW,EM
TW0002454006,MEDIATEK,TW,EM
TW0002474004,CATCHER TECHNOLOGY,TW,EM
TW0002498003,HTC,TW,EM
TW0002501004,CATHAY RLST.DEV.,TW,EM
TW0002603008,EVERGREEN MARINE,TW,EM
TW0002605003,SINCERE NAVIGATION,TW,EM
TW0002606001,U-MING MARINE TRAN.,TW,EM
TW0002607009,EVRG.INTL.STRG.& TRAN.,TW,EM
TW0002609005,YANG MING MAR.TRAN.,TW,EM
TW0002610003,CHINA AIRLINES,TW,EM
TW0002615002,WAN HAI LINES,TW,EM
TW0002617008,TAIWAN NAVIGATION,TW,EM
TW0002618006,EVA AIRWAYS,TW,EM
TW0002707007,FORMOSA INTL.HOTELS,TW,EM
TW0002801008,CHANG HWA COML.BANK,TW,EM
TW0002834009,TAIWAN BUSINESS BANK,TW,EM
TW0002880002,HUA NAN FINANCIAL HDG.,TW,EM
TW0002881000,FUBON FINL.HLDG.,TW,EM
TW0002882008,CATHAY FINL.HLDG.,TW,EM
TW0002883006,KGI FINANCIAL HOLDING,TW,EM
TW0002884004,E SUN FINL.HLDG.,TW,EM
TW0002885001,YUANTA FINANCIAL HDG.,TW,EM
TW0002886009,MEGA FINANCIAL HOLDING,TW,EM
TW0002887007,TAISHIN FINANCIAL HLDG.,TW,EM
TW0002888005,SHIN KONG FINL.HLDG.,TW,EM
TW0002890001,SINOPAC FINL.HDG.,TW,EM
TW0002891009,CTBC FINL.HLDG.,TW,EM
TW0002892007,FIRST FINANCIAL HOLDING,TW,EM
TW0002903002,FAR EASTERN DEPT.STRS.,TW,EM
TW0002912003,PRESIDENT CHAIN STORE,TW,EM
TW0003008009,LARGAN PRECISION,TW,EM
TW0003034005,NOVATEK MICROELS.,TW,EM
TW0003035002,FARADAY TECHNOLOGY,TW,EM
TW0003037008,UNIMICRON TECHNOLOGY,TW,EM
TW0003044004,TRIPOD TECHNOLOGY,TW,EM
TW0003045001,TAIWAN MOBILE,TW,EM
TW0003189007,KINSUS INTCONN.TECH.,TW,EM
TW0003227005,PIXART IMAGING,TW,EM
TW0003231007,WISTRON,TW,EM
TW0003376000,SHIN ZU SHING,TW,EM
TW0003443008,GUC,TW,EM
TW0003481008,INNOLUX,TW,EM
TW0003702007,WPG HOLDINGS,TW,EM
TW0003711008,ASE TECHNOLOGY HOLDING,TW,EM
TW0004904008,FAR EASTONE TELECOM.,TW,EM
TW0005203004,CYBERLINK,TW,EM
TW0005347009,VANGD.INTL.SEMICON.,TW,EM
TW0005371009,CORETRONIC,TW,EM
TW0005483002,SINO-AMER.SILICON PRDS.,TW,EM
TW0005522007,FARGLORY LAND DEV.,TW,EM
TW0006116007,HANNSTAR DISPLAY,TW,EM
TW0006121007,SIMPLO TECHNOLOGY,TW,EM
TW0006176001,RADIANT OPTO-ELECTRONICS,TW,EM
TW0006239007,POWERTECH TECHNOLOGY,TW,EM
TW0006244007,MOTECH INDUSTRIES,TW,EM
TW0006505001,FORMOSA PETROCHEMICAL,TW,EM
TW0008046004,NAN YA PRINTED CUB.,TW,EM
TW0008069006,E INK HOLDINGS,TW,EM
TW0008299009,PHISON ELECTRONICS,TW,EM
TW0009904003,POU CHEN,TW,EM
TW0009907006,TON YI INDUSTRIAL,TW,EM
TW0009917005,TAIWAN SECOM,TW,EM
TW0009921007,GIANT MNFG.,TW,EM
US0010551028,AFLAC,US,AMER
US0010841023,AGCO,US,AMER
US00130H1059,AES,US,AMER
US00206R1023,AT&T,US,AMER
US0028241000,ABBOTT LABORATORIES,US,AMER
US0028962076,ABERCROMBIE & FITCH 'A',US,AMER
US00507V1098,ACTIVISION BLIZZARD DEAD - DELIST.16/10/23,US,AMER
US00724F1012,ADOBE (NAS),US,AMER
US00737L1035,ADTALEM GLOBAL EDUCATION,US,AMER
US00751Y1064,ADV.AUTO PARTS,US,AMER
US0079031078,ADVANCED MICRO DEVICES,US,AMER
US0082521081,AFFILIATED MANAGERS,US,AMER
US00846U1016,AGILENT TECHS.,US,AMER
US0091581068,AIR PRDS.& CHEMS.,US,AMER
US00971T1016,AKAMAI TECHS.,US,AMER
US0126531013,ALBEMARLE,US,AMER
US0144911049,ALEXANDER AND BALDWIN,US,AMER
US0152711091,ALEXANDRIA RLST.EQTIES.,US,AMER
US0171751003,ALLEGHANY DEAD - DELIST.19/10/22,US,AMER
US01741R1023,ATI,US,AMER
US0185811082,BREAD FINANCIAL HOLDINGS,US,AMER
US0188021085,ALLIANT ENERGY (XSC),US,AMER
US0200021014,ALLSTATE ORD SHS,US,AMER
US02079K3059,ALPHABET 'A',US,AMER
US02209S1033,ALTRIA GROUP,US,AMER
US0231351067,AMAZON.COM,US,AMER
US0236081024,AMEREN,US,AMER
US0255371017,AMER.ELEC.PWR.,US,AMER
US02553E1064,AMER.EAG.OUTFITTERS,US,AMER
US0258161092,AMERICAN EXPRESS,US,AMER
US0259321042,AMERICAN FINL.GP.OHIO,US,AMER
US0268747849,AMERICAN INTL.GP.,US,AMER
US02772A1097,AMERICAN NATIONAL GROUP DEAD - DELIST.26/05/22,US,AMER
US03027X1000,AMERICAN TOWER,US,AMER
US03062T1051,AMERICA S CAR MART,US,AMER
US03073E1055,CENCORA,US,AMER
US03076C1062,AMERIPRISE FINL.,US,AMER
US0311001004,AMETEK,US,AMER
US0311621009,AMGEN,US,AMER
US0320951017,AMPHENOL 'A',US,AMER
US0326541051,ANALOG DEVICES,US,AMER
US0367521038,ELEVANCE HEALTH,US,AMER
US03743Q1085,APA,US,AMER
US03748R7474,APARTMENT INV.& MAN.'A',US,AMER
US0375981091,APOGEE ENTERPRISES,US,AMER
US0378331005,APPLE,US,AMER
US0382221051,APPLIED MATS.,US,AMER
US0383361039,APTARGROUP,US,AMER
US03940R1077,ARCH RESOURCES A DEAD - DELIST.14/01/25,US,AMER
US0394831020,ARCHER DANIELS MIDLAND,US,AMER
US0427351004,ARROW ELECTRONICS,US,AMER
US0441861046,ASHLAND,US,AMER
US0454871056,ASSOCIATED BANC-CORP,US,AMER
US04621X1081,ASSURANT,US,AMER
US0495601058,ATMOS ENERGY,US,AMER
US0527691069,AUTODESK,US,AMER
US0528001094,AUTOLIV,SE,EUR
US0530151036,AUTOMATIC DATA PROC.,US,AMER
US05329W1027,AUTONATION,US,AMER
US0533321024,AUTOZONE,US,AMER
US0534841012,AVALONBAY COMMNS.,US,AMER
US0536111091,AVERY DENNISON,US,AMER
US0537741052,AVIS BUDGET GROUP,US,AMER
US0538071038,AVNET,US,AMER
US05561Q2012,BOK FINL.,US,AMER
US0565251081,BADGER METER,US,AMER
US0567521085,BAIDU ADS 1:8,CN,EM
US0584981064,BALL,US,AMER
US0605051046,BANK OF AMERICA,US,AMER
US0625401098,BANK OF HAWAII,US,AMER
US0640581007,BANK OF NEW YORK MELLON,US,AMER
US0708301041,BATH AND BODY WORKS,US,AMER
US07134L1070,BATTALION OIL (ASE),US,AMER
US0718131099,BAXTER INTL.,US,AMER
US0758871091,BECTON DICKINSON,US,AMER
US0758961009,BED BATH & BEYOND DEAD - DELIST.02/10/23,US,AMER
US0844231029,W R BERKLEY,US,AMER
US0846701086,BERKSHIRE HATHAWAY 'A',US,AMER
US0865161014,BEST BUY,US,AMER
US0893021032,BIG LOTS (OTC),US,AMER
US09061G1013,BIOMARIN PHARM.,US,AMER
US09062X1037,BIOGEN,US,AMER
US09073M1045,BIO-TECHNE,US,AMER
US0936711052,H&R BLOCK,US,AMER
US0970231058,BOEING,US,AMER
US09857L1089,BOOKING HOLDINGS,US,AMER
US0997241064,BORGWARNER,US,AMER
US1011211018,BXP,US,AMER
US1011371077,BOSTON SCIENTIFIC,US,AMER
US1033041013,BOYD GAMING,US,AMER
US1053682035,BRANDYWINE REAL.TST.SHBI NEW,US,AMER
US1096411004,BRINKER INTL.,US,AMER
US1096961040,BRINK'S,US,AMER
US1101221083,BRISTOL MYERS SQUIBB,US,AMER
US1124631045,BROOKDALE SENIOR LIVING,US,AMER
US1152361010,BROWN & BROWN,US,AMER
US1156372096,BROWN-FORMAN 'B',US,AMER
US12504L1098,CBRE GROUP CLASS A,US,AMER
US1252691001,CF INDUSTRIES HDG.,US,AMER
US12541W2098,CH ROBINSON WWD.,US,AMER
US1255231003,CIGNA,US,AMER
US1255818015,CIT GROUP DEAD - DELIST.04/01/22,US,AMER
US12572Q1058,CME GROUP,US,AMER
US1258961002,CMS ENERGY,US,AMER
US1261171003,CNA FINANCIAL,US,AMER
US1264081035,CSX,US,AMER
US12653C1080,CNX RESOURCES,US,AMER
US1266501006,CVS HEALTH,US,AMER
US1270551013,CABOT,US,AMER
US1270971039,COTERRA ENERGY,US,AMER
US1273871087,CADENCE DESIGN SYS.,US,AMER
US12740C1036,CADENCE BANK,US,AMER
US1307881029,CAL.WATER SER.,US,AMER
US1331311027,CAMDEN PROPERTY TST.,US,AMER
US1344291091,THE CAMPBELL S COMPANY,US,AMER
US14040H1059,CAPITAL ONE FINL.,US,AMER
US14057J1016,CAPITOL FED.FINL.,US,AMER
US14149Y1082,CARDINAL HEALTH,US,AMER
US1423391002,CARLISLE COS.,US,AMER
US1431301027,CARMAX,US,AMER
US1491231015,CATERPILLAR,US,AMER
US1508701034,CELANESE,US,AMER
US15189T1079,CENTERPOINT EN.,US,AMER
US1567821046,CERNER DEAD - DELIST.09/06/22,US,AMER
US1598641074,CHAS.RVR.LABS.INTL.,US,AMER
US1651677353,EXPAND ENERGY,US,AMER
US1667641005,CHEVRON,US,AMER
US1686151028,CHICO'S FAS DEAD - DELIST.05/01/24,US,AMER
US1699051066,CHOICE HOTELS INTL.,US,AMER
US1713401024,CHURCH & DWIGHT CO.,US,AMER
US1717793095,CIENA,US,AMER
US1720621010,CINCINNATI FINL.,US,AMER
US17275R1023,CISCO SYSTEMS,US,AMER
US1729081059,CINTAS,US,AMER
US1729674242,CITIGROUP,US,AMER
US1773761002,CITRIX SYS. DEAD - DELIST.03/10/22,US,AMER
US18453H1068,CLEAR CHANNEL OUTDOOR HOLDINGS,US,AMER
US1858991011,CLEVELAND CLIFFS,US,AMER
US1890541097,CLOROX,US,AMER
US1912161007,COCA COLA,US,AMER
US1912411089,COCA COLA FEMSA ADR 1:10,MX,EM
US1924461023,COGNIZANT TECH.SLTN.'A',US,AMER
US1941621039,COLGATE-PALM.,US,AMER
US20030N1019,COMCAST A,US,AMER
US2003401070,COMERICA,US,AMER
US2005251036,COMMERCE BCSH.,US,AMER
US2017231034,COMMERCIAL MTLS.,US,AMER
US2036681086,COMMUNITY HEALTH SYSTEMS,US,AMER
US2044481040,CIA.MINAS BUENAVENTURA ADR 1:1,PE,EM
US2058871029,CONAGRA BRANDS,US,AMER
US20825C1045,CONOCOPHILLIPS,US,AMER
US2091151041,CONSOLIDATED EDISON,US,AMER
US21036P1084,CONSTELLATION BRANDS 'A',US,AMER
US2172041061,COPART,US,AMER
US21871N1019,CORECIVIC,US,AMER
US2193501051,CORNING,US,AMER
US22160K1051,COSTCO WHOLESALE,US,AMER
US22410J1060,CRACKER BARREL OLD CTRY. STORE,US,AMER
US2244081046,CRANE,US,AMER
US22822V1017,CROWN CASTLE,US,AMER
US2283681060,CROWN HDG.,US,AMER
US2298991090,CULLEN FO.BANKERS,US,AMER
US2310211063,CUMMINS,US,AMER
US23331A1097,D R HORTON,US,AMER
US2333311072,DTE ENERGY,US,AMER
US23355L1061,DXC TECHNOLOGY,US,AMER
US2358511028,DANAHER,US,AMER
US2371941053,DARDEN RESTAURANTS,US,AMER
US23918K1088,DAVITA,US,AMER
US2441991054,DEERE,US,AMER
US2473617023,DELTA AIR LINES,US,AMER
US24790A1016,DENBURY DEAD - DELIST.02/11/23,US,AMER
US24906P1093,DENTSPLY SIRONA,US,AMER
US25179M1036,DEVON ENERGY,US,AMER
US25271C2017,DIAMOND OFFSHORE DRILLING,US,AMER
US2533931026,DICK'S SPORTING GOODS,US,AMER
US2536511031,DIEBOLD NIXDORF DEAD - DELIST.11/08/23,US,AMER
US2546871060,WALT DISNEY,US,AMER
US25470M1099,DISH NETWORK 'A' DEAD - DELIST.02/01/24,US,AMER
US25525P1075,DIVERSIFIED HEALTHCARE,US,AMER
US25659T1079,DOLBY LABORATORIES 'A',US,AMER
US2566771059,DOLLAR GENERAL,US,AMER
US2567461080,DOLLAR TREE,US,AMER
US25746U1097,DOMINION ENERGY,US,AMER
US2576511099,DONALDSON CO.,US,AMER
US2578672006,R R DONNELLEY & SONS DEAD - DELIST.28/02/22,US,AMER
US25960P1093,DOUGLAS EMMETT,US,AMER
US2600031080,DOVER,US,AMER
US26152H3012,DRDGOLD ADR 1:10,ZA,EM
US2644115055,DUKE REALTY DEAD - DELIST.03/10/22,US,AMER
US26441C2044,DUKE ENERGY,US,AMER
US26614N1028,DUPONT DE NEMOURS,US,AMER
US26875P1012,EOG RES.,US,AMER
US26884L1098,EQT,US,AMER
US26969P1084,EAGLE MATERIALS,US,AMER
US2774321002,EASTMAN CHEMICAL,US,AMER
US2774614067,EASTMAN KODAK,US,AMER
US2786421030,EBAY,US,AMER
US2788651006,ECOLAB,US,AMER
US2810201077,EDISON INTL.,US,AMER
US28176E1082,EDWARDS LIFESCIENCES,US,AMER
US2855121099,ELECTRONIC ARTS,US,AMER
US2910111044,EMERSON ELECTRIC,US,AMER
US29272W1099,ENERGIZER HOLDINGS,US,AMER
US29364G1031,ENTERGY,US,AMER
US2944291051,EQUIFAX,US,AMER
US29444U7000,EQUINIX REIT,US,AMER
US2946281027,EQUITY COMMONWEALTH,US,AMER
US29476L1070,EQUITY RESD.TST.PROPS. SHBI,US,AMER
US29530P1021,ERIE INDEMNITY 'A',US,AMER
US29670G1022,ESSENTIAL UTILITIES,US,AMER
US2971781057,ESSEX PROPERTY TST.,US,AMER
US30034W1062,EVERGY,US,AMER
US30040W1080,EVERSOURCE ENERGY,US,AMER
US30161N1019,EXELON,US,AMER
US30212P3038,EXPEDIA GROUP,US,AMER
US3021301094,EXPEDITORS INTL.OF WASH. A,US,AMER
US30231G1022,EXXON MOBIL,US,AMER
US3024913036,FMC,US,AMER
US3029411093,FTI CONSULTING,US,AMER
US3030751057,FACTSET RESEARCH SYS.,US,AMER
US3119001044,FASTENAL,US,AMER
US3137451015,FEDERAL REALTY INV.TST.,US,AMER
US3142111034,FEDERATED HERMES B,US,AMER
US31428X1063,FEDEX,US,AMER
US3156161024,F5,US,AMER
US31620M1062,FIDELITY NAT.INFO.SVS.,US,AMER
US31620R3030,FIDELITY NAT.FINANCIAL,US,AMER
US3167731005,FIFTH THIRD BANCORP,US,AMER
US31946M1036,FIRST CTZN.BCSH.A,US,AMER
US3205171057,FIRST HORIZON,US,AMER
US3377381088,FISERV,US,AMER
US3379321074,FIRSTENERGY,US,AMER
US3434121022,FLUOR,US,AMER
US34354P1057,FLOWSERVE,US,AMER
US3448491049,FOOT LOCKER,US,AMER
US3453708600,FORD MOTOR,US,AMER
US3546131018,FRANKLIN RESOURCES,US,AMER
US35671D8570,FREEPORT-MCMORAN,US,AMER
US35909D1090,FRONTIER COMMUNICATIONS PARENT,US,AMER
US3602711000,FULTON FINANCIAL,US,AMER
US3614481030,GATX,US,AMER
US3635761097,ARTHUR J GALLAGHER,US,AMER
US36467W1099,GAMESTOP 'A',US,AMER
US3647601083,GAP,US,AMER
US3695501086,GENERAL DYNAMICS,US,AMER
US3703341046,GENERAL MILLS,US,AMER
US37045V1008,GENERAL MOTORS,US,AMER
US3719011096,GENTEX,US,AMER
US3724601055,GENUINE PARTS,US,AMER
US37247D1063,GENWORTH FINANCIAL,US,AMER
US3755581036,GILEAD SCIENCES,US,AMER
US37940X1028,GLOBAL PAYMENTS,US,AMER
US37959E1029,GLOBE LIFE,US,AMER
US38141G1040,GOLDMAN SACHS GP.,US,AMER
US3825501014,GOODYEAR TIRE & RUB.,US,AMER
US3841091040,GRACO,US,AMER
US3846371041,GRAHAM HOLDINGS 'B',US,AMER
US3848021040,WW GRAINGER,US,AMER
US3952591044,GREENHILL & COMPANY DEAD - DELIST.01/12/23,US,AMER
US3976241071,GREIF 'A',US,AMER
US40434L1052,HP,US,AMER
US4062161017,HALLIBURTON,US,AMER
US4103451021,HANESBRANDS,US,AMER
US4108671052,HANOVER INSURANCE GROUP,US,AMER
US4128221086,HARLEY-DAVIDSON,US,AMER
US4158641070,ENVIRI,US,AMER
US4165151048,HARTFORD FINL.SVS.GP.,US,AMER
US4180561072,HASBRO,US,AMER
US4198701009,HAWAIIAN ELECTRIC INDS.,US,AMER
US42250P1030,HEALTHPEAK PROPERTIES,US,AMER
US42330P1075,HELIX ENERGY SLTN.GP.,US,AMER
US4234521015,HELMERICH & PAYNE,US,AMER
US4278661081,HERSHEY,US,AMER
US42806J7000,HERTZ GLOBAL HLDGS,US,AMER
US42809H1077,HESS,US,AMER
US43289P1066,HIMAX TECHNOLOGIES ADR 1:2,US,AMER
US4364401012,HOLOGIC,US,AMER
US4370761029,HOME DEPOT,US,AMER
US4385161066,HONEYWELL INTL.,US,AMER
US4404521001,HORMEL FOODS,US,AMER
US44107P1049,HOST HOTELS & RESORTS REIT,US,AMER
US4435106079,HUBBELL,US,AMER
US4448591028,HUMANA,US,AMER
US4456581077,HUNT JB TRANSPORT SVS.,US,AMER
US4461501045,HUNTINGTON BCSH.,US,AMER
US4470111075,HUNTSMAN,US,AMER
US45073V1089,ITT,US,AMER
US45167R1041,IDEX,US,AMER
US45168D1046,IDEXX LABORATORIES,US,AMER
US4523081093,ILLINOIS TOOL WORKS,US,AMER
US4523271090,ILLUMINA,US,AMER
US4581401001,INTEL,US,AMER
US45866F1049,INTERCONTINENTAL EX.,US,AMER
US4592001014,INTERNATIONAL BUS.MCHS.,US,AMER
US4595061015,INTL.FLAVORS & FRAG.,US,AMER
US4601461035,INTERNATIONAL PAPER,US,AMER
US4606901001,INTERPUBLIC GROUP,US,AMER
US4612021034,INTUIT,US,AMER
US46120E6023,INTUITIVE SURGICAL,US,AMER
US46284V1017,IRON MOUNTAIN,US,AMER
US4657411066,ITRON,US,AMER
US46625H1005,JP MORGAN CHASE & CO.,US,AMER
US4663131039,JABIL,US,AMER
US46982L1089,JACOBS SOLUTIONS,US,AMER
US4781601046,JOHNSON & JOHNSON,US,AMER
US48020Q1076,JONES LANG LASALLE,US,AMER
US48203R1041,JUNIPER NETWORKS,US,AMER
US48242W1062,KBR,US,AMER
US4824801009,KLA,US,AMER
US48666K1097,KB HOME,US,AMER
US4878361082,KELLANOVA,US,AMER
US4891701009,KENNAMETAL,US,AMER
US4932671088,KEYCORP,US,AMER
US4943681035,KIMBERLY-CLARK,US,AMER
US49446R1095,KIMCO REALTY,US,AMER
US49456B1017,KINDER MORGAN,US,AMER
US4972661064,KIRBY,US,AMER
US5002551043,KOHL'S,US,AMER
US5010441013,KROGER,US,AMER
US5018892084,LKQ,US,AMER
US5128161099,LAMAR ADVERTISING 'A',US,AMER
US5150981018,LANDSTAR SYSTEM,US,AMER
US5178341070,LAS VEGAS SANDS,US,AMER
US5184391044,ESTEE LAUDER COS.'A',US,AMER
US5218652049,LEAR,US,AMER
US5246601075,LEGGETT&PLATT,US,AMER
US5260571048,LENNAR A A,US,AMER
US5261071071,LENNOX INTL.,US,AMER
US5324571083,ELI LILLY,US,AMER
US5339001068,LINCOLN ELECTRIC HDG.,US,AMER
US5341871094,LINCOLN NATIONAL,US,AMER
US5355551061,LINDSAY,US,AMER
US5370081045,LITTELFUSE,US,AMER
US5398301094,LOCKHEED MARTIN,US,AMER
US5404241086,LOEWS,US,AMER
US5486611073,LOWE'S COMPANIES,US,AMER
US5502411037,LUMEN TECHNOLOGIES,US,AMER
US55261F1049,M&T BANK,US,AMER
US5526761086,MDC HOLDINGS DEAD - DELIST.19/04/24,US,AMER
US5526901096,MDU RESOURCES GROUP,US,AMER
US5529531015,MGM RESORTS INTL.,US,AMER
US5535301064,MSC INDL.DIRECT 'A',US,AMER
US5543821012,MACERICH,US,AMER
US5544891048,VERIS RESIDENTIAL,US,AMER
US55616P1049,MACY'S,US,AMER
US5635714059,MANITOWOC,US,AMER
US56418H1005,MANPOWERGROUP,US,AMER
US5658491064,MARATHON OIL DEAD - DELIST.22/11/24,US,AMER
US5705351048,MARKEL GROUP,US,AMER
US5717481023,MARSH & MCLENNAN,US,AMER
US5719032022,MARRIOTT INTL.'A',US,AMER
US5732841060,MARTIN MRTA.MATS.,US,AMER
US5738741041,MARVELL TECHNOLOGY,US,AMER
US5745991068,MASCO,US,AMER
US57636Q1040,MASTERCARD,US,AMER
US57667L1070,MATCH GROUP,US,AMER
US5770811025,MATTEL,US,AMER
US5797802064,MCCORMICK & COMPANY NV.,US,AMER
US5801351017,MCDONALDS,US,AMER
US58155Q1031,MCKESSON,US,AMER
US58502B1061,PEDIATRIX MEDICAL GROUP,US,AMER
US58933Y1055,MERCK & COMPANY,US,AMER
US5894001008,MERCURY GENERAL,US,AMER
US59156R1086,METLIFE,US,AMER
US5926881054,METTLER TOLEDO INTL.,US,AMER
US5949181045,MICROSOFT,US,AMER
US5950171042,MICROCHIP TECH.,US,AMER
US5951121038,MICRON TECHNOLOGY,US,AMER
US6005441000,MILLERKNOLL,US,AMER
US6081901042,MOHAWK INDUSTRIES,US,AMER
US60871R2094,MOLSON COORS BEVERAGE COMPANY B,US,AMER
US6092071058,MONDELEZ INTERNATIONAL CL.A,US,AMER
US61174X1090,MONSTER BEVERAGE,US,AMER
US6153691059,MOODY'S,US,AMER
US6174464486,MORGAN STANLEY,US,AMER
US61945C1036,MOSAIC,US,AMER
US6200763075,MOTOROLA SOLUTIONS,US,AMER
US6267171022,MURPHY OIL,US,AMER
US62886E1082,NCR VOYIX,US,AMER
US6293775085,NRG ENERGY,US,AMER
US62944T1051,NVR,US,AMER
US62955J1034,NOV,US,AMER
US6311031081,NASDAQ,US,AMER
US6361801011,NATIONAL FUEL GAS,US,AMER
US6365181022,NATIONAL INSTS. DEAD - DELIST.12/10/23,US,AMER
US64110D1046,NETAPP,US,AMER
US64110W1027,NETEASE ADR 1:5,CN,EM
US6501111073,NEW YORK TIMES 'A',US,AMER
US6512291062,NEWELL BRANDS (XSC),US,AMER
US6516391066,NEWMONT,US,AMER
US65249B1098,NEWS 'A',US,AMER
US65339F1012,NEXTERA ENERGY,US,AMER
US6541061031,NIKE 'B',US,AMER
US65473P1057,NISOURCE,US,AMER
US6556641008,NORDSTROM,US,AMER
US6558441084,NORFOLK SOUTHERN,US,AMER
US6658591044,NORTHERN TRUST,US,AMER
US6668071029,NORTHROP GRUMMAN,US,AMER
US6687711084,GEN DIGITAL,US,AMER
US67011E2046,NOVOLIPETSK STEEL GDR DEAD - DELIST.27/01/23,RU,EM
US67020Y1001,NUANCE COMMS. DEAD - DELIST.07/03/22,US,AMER
US6703461052,NUCOR,US,AMER
US67066G1040,NVIDIA,US,AMER
US6708371033,OGE ENERGY,US,AMER
US67098H1041,O I GLASS,US,AMER
US67103H1077,O REILLY AUTOMOTIVE,US,AMER
US6745991058,OCCIDENTAL PTL.,US,AMER
US6748705067,OCEAN POWER TECHS.,US,AMER
US6752321025,OCEANEERING,US,AMER
US6780261052,OIL STS.INTL.,US,AMER
US6802231042,OLD REPUBLIC INTL.,US,AMER
US6819191064,OMNICOM GROUP,US,AMER
US6821891057,ON SEMICONDUCTOR,US,AMER
US6826801036,ONEOK,US,AMER
US68389X1054,ORACLE,US,AMER
US6866881021,ORMAT TECHNOLOGIES,US,AMER
US6882392011,OSHKOSH,US,AMER
US69036R8631,OVERSEAS SHIPHLDG.GP.'A' DEAD - DELIST.10/07/24,US,AMER
US69047Q1022,OVINTIV (NYS),US,AMER
US69331C1080,PG&E,US,AMER
US6934751057,PNC FINL.SVS.GP.,US,AMER
US6935061076,PPG INDUSTRIES,US,AMER
US69351T1060,PPL,US,AMER
US6936561009,PVH,US,AMER
US6937181088,PACCAR,US,AMER
US6951561090,PACKAGING CORP.OF AM.,US,AMER
US7010941042,PARKER-HANNIFIN,US,AMER
US70211M1099,PARTNER COMMS.ADR 1:1 DEAD - DELIST.22/09/23,IL,EUR
US7033951036,PATTERSON COMPANIES,US,AMER
US7034811015,PATTERSON UTI ENERGY,US,AMER
US7043261079,PAYCHEX,US,AMER
US7045511000,PEABODY ENERGY,US,AMER
US7075691094,PENN ENTERTAINMENT,US,AMER
US70959W1036,PENSKE AUTOMOTIVE GP.,US,AMER
US7127041058,PEOPLES UNITED FINANCIAL DEAD - DELIST.05/04/22,US,AMER
US7134481081,PEPSICO,US,AMER
US71363P1066,PERDOCEO EDUCATION,US,AMER
US7140461093,REVVITY,US,AMER
US7170811035,PFIZER,US,AMER
US7234841010,PINNACLE WEST CAP.,US,AMER
US7237871071,PIONEER NTRL.RES. DEAD - DELIST.03/05/24,US,AMER
US7244791007,PITNEY-BOWES,US,AMER
US7310681025,POLARIS,US,AMER
US7392761034,POWER INTEGRATIONS,US,AMER
US74144T1088,T ROWE PRICE GROUP,US,AMER
US74251V1026,PRINCIPAL FINL.GP.,US,AMER
US7427181091,PROCTER & GAMBLE,US,AMER
US7433151039,PROGRESSIVE OHIO,US,AMER
US74340W1036,PROLOGIS REIT,US,AMER
US7443201022,PRUDENTIAL FINL.,US,AMER
US7445731067,PUB.SER.ENTER.GP.,US,AMER
US74460D1090,PUBLIC STORAGE,US,AMER
US7458671010,PULTEGROUP,US,AMER
US7475251036,QUALCOMM,US,AMER
US74762E1029,QUANTA SERVICES,US,AMER
US74834L1008,QUEST DIAGNOSTICS,US,AMER
US7496851038,RPM INTERNATIONAL,US,AMER
US7509171069,RAMBUS,US,AMER
US7512121010,RALPH LAUREN CL.A,US,AMER
US75281A1097,RANGE RES.,US,AMER
US7547301090,RAYMOND JAMES FINL.,US,AMER
US75513E1010,RTX,US,AMER
US7588491032,REGENCY CENTERS,US,AMER
US75886F1075,REGENERON PHARMS.,US,AMER
US7591EP1005,REGIONS FINL.NEW,US,AMER
US7593516047,REINSURANCE GROUP OF AM.,US,AMER
US7595091023,RELIANCE,US,AMER
US7607591002,REPUBLIC SVS.'A',US,AMER
US7611521078,RESMED,US,AMER
US7677548726,RITE AID (OTC) DEAD - DELIST.04/09/24,US,AMER
US7703231032,ROBERT HALF,US,AMER
US7739031091,ROCKWELL AUTOMATION,US,AMER
US7766961061,ROPER TECHNOLOGIES,US,AMER
US7782961038,ROSS STORES,US,AMER
US7802871084,ROYAL GOLD,US,AMER
US7835491082,RYDER SYSTEM,US,AMER
US78409V1044,S&P GLOBAL,US,AMER
US78410G1040,SBA COMMS.,US,AMER
US7841171033,SEI INVESTMENTS,US,AMER
US78440X8873,SL GREEN REALTY,US,AMER
US78442P1066,SLM,US,AMER
US78454L1008,SM ENERGY,US,AMER
US78473E1038,SPX TECHNOLOGIES,US,AMER
US7901481009,ST.JOE,US,AMER
US79466L3024,SALESFORCE,US,AMER
US8064071025,HENRY SCHEIN,US,AMER
US8085131055,CHARLES SCHWAB,US,AMER
US80874P1093,LIGHT WONDER,US,AMER
US8101861065,SCOTTS MIRACLE-GRO,US,AMER
US81211K1007,SEALED AIR,US,AMER
US8168511090,SEMPRA,US,AMER
US8175651046,SERVICE CORP.INTL.,US,AMER
US81761L1026,SERVICE PROPERTIES TRUST,US,AMER
US8243481061,SHERWIN-WILLIAMS,US,AMER
US8288061091,SIMON PROPERTY GROUP,US,AMER
US8326964058,J M SMUCKER,US,AMER
US8330341012,SNAP-ON,US,AMER
US8336351056,SOCIEDAD QUIMICA Y MINERA DE CHILE ADR 1:1,CL,EM
US83410S1087,SOHU COM ADR 1:1,CN,EM
US8354951027,SONOCO PRODUCTS,US,AMER
US8425871071,SOUTHERN,US,AMER
US84265V1052,SOUTHERN COPPER,US,AMER
US8447411088,SOUTHWEST AIRLINES,US,AMER
US8454671095,SOUTHWESTERN ENERGY DEAD - DELIST.01/10/24,US,AMER
US8485741099,SPIRIT AEROSYSTEMS CL.A,US,AMER
US8545021011,STANLEY BLACK & DECKER,US,AMER
US8552441094,STARBUCKS,US,AMER
US8574771031,STATE STREET,US,AMER
US8581191009,STEEL DYNAMICS,US,AMER
US8589121081,STERICYCLE DEAD - DELIST.05/11/24,US,AMER
US86272C1036,STRATEGIC EDUCATION,US,AMER
US8636671013,STRYKER,US,AMER
US8676524064,SUNPOWER DEAD - DELIST.18/11/24,US,AMER
US8716071076,SYNOPSYS,US,AMER
US87161C5013,SYNOVUS FINANCIAL,US,AMER
US8718291078,SYSCO,US,AMER
US8725401090,TJX,US,AMER
US8760301072,TAPESTRY,US,AMER
US87612E1064,TARGET,US,AMER
US8793691069,TELEFLEX,US,AMER
US8794338298,TELEPHONE & DATA SYS.,US,AMER
US88033G4073,TENET HEALTHCARE,US,AMER
US8803491054,TENNECO A DEAD - DELIST.17/11/22,US,AMER
US8807701029,TERADYNE (XSC),US,AMER
US8807791038,TEREX,US,AMER
US8816242098,TEVA PHARMACEUTICAL INDUSTRIES ADR 1:1,IL,EUR
US8825081040,TEXAS INSTRUMENTS,US,AMER
US8832031012,TEXTRON,US,AMER
US88337F1057,ODP,US,AMER
US8835561023,THERMO FISHER SCIENTIFIC,US,AMER
US8851601018,THOR INDUSTRIES,US,AMER
US88579Y1010,3M,US,AMER
US88642R1095,TIDEWATER,US,AMER
US8873891043,TIMKEN,US,AMER
US8894781033,TOLL BROTHERS,US,AMER
US8910921084,TORO,US,AMER
US89417E1091,TRAVELERS COS.,US,AMER
US8962391004,TRIMBLE,US,AMER
US8965221091,TRINITY INDUSTRIES,US,AMER
US89677Q1076,TRIP COM GROUP ADR 1:1,SG,PAC
US89832Q1094,TRUIST FINANCIAL,US,AMER
US9024941034,TYSON FOODS 'A',US,AMER
US9026531049,UDR,US,AMER
US9026811052,UGI,US,AMER
US9029733048,US BANCORP,US,AMER
US9078181081,UNION PACIFIC,US,AMER
US9092184061,UNIT,US,AMER
US9111631035,UNITED NATURAL FOODS,US,AMER
US9113121068,UNITED PARCEL SER.'B',US,AMER
US9113631090,UNITED RENTALS,US,AMER
US9116841084,UNITED STATES CELLULAR,US,AMER
US9129091081,UNITED STATES STEEL,US,AMER
US91307C1027,UNITED THERAPEUTICS,US,AMER
US91324P1021,UNITEDHEALTH GROUP,US,AMER
US9139031002,UNIVERSAL HEALTH SVS.'B',US,AMER
US91529Y1064,UNUM GROUP,US,AMER
US9170471026,URBAN OUTFITTERS,US,AMER
US91822M5022,VEON ADR 1:25,NL,EUR
US9189052098,VALHI,US,AMER
US91913Y1001,VALERO ENERGY,US,AMER
US9197941076,VALLEY NATIONAL,US,AMER
US92276F1003,VENTAS,US,AMER
US92343E1029,VERISIGN,US,AMER
US92343V1044,VERIZON COMMUNICATIONS,US,AMER
US92532F1003,VERTEX PHARMS.,US,AMER
US9255501051,VIAVI SOLUTIONS,US,AMER
US92556H2067,PARAMOUNT GLOBAL B,US,AMER
US92556V1061,VIATRIS,US,AMER
US9282981086,VISHAY INTERTECHNOLOGY,US,AMER
US9290421091,VORNADO REALTY TRUST,US,AMER
US9291601097,VULCAN MATERIALS,US,AMER
US92922P1066,W&T OFFSHORE,US,AMER
US92939U1060,WEC ENERGY GROUP,US,AMER
US9297401088,WABTEC,US,AMER
US9311421039,WALMART,US,AMER
US9314271084,WALGREENS BOOTS ALLIANCE,US,AMER
US9344231041,WARNER BROS DISCOVERY SERIES A,US,AMER
US9388241096,WAFD,US,AMER
US94106L1098,WASTE MANAGEMENT,US,AMER
US9418481035,WATERS,US,AMER
US9427491025,WATTS WATER TECHS.,US,AMER
US9497461015,WELLS FARGO & CO,US,AMER
US95040Q1040,WELLTOWER,US,AMER
US95058W1009,WENDY'S CLASS A,US,AMER
US95082P1057,WESCO INTL.,US,AMER
US9581021055,WESTERN DIGITAL,US,AMER
US9598021098,WESTERN UNION,US,AMER
US9604131022,WESTLAKE,US,AMER
US96145D1054,WESTROCK DEAD - DELIST.08/07/24,US,AMER
US9621661043,WEYERHAEUSER,US,AMER
US9633201069,WHIRLPOOL,US,AMER
US9682232064,JOHN WILEY AND SONS A,US,AMER
US9694571004,WILLIAMS,US,AMER
US9699041011,WILLIAMS-SONOMA,US,AMER
US9778521024,WOLFSPEED,US,AMER
US9831341071,WYNN RESORTS,US,AMER
US98389B1008,XCEL ENERGY,US,AMER
US9839191015,XILINX DEAD - DELIST.15/02/22,US,AMER
US98421M1062,XEROX HOLDINGS,US,AMER
US9884981013,YUM! BRANDS,US,AMER
US9892071054,ZEBRA TECHNOLOGIES 'A',US,AMER
US98956P1021,ZIMMER BIOMET HDG.,US,AMER
US9897011071,ZIONS BANCORP.,US,AMER
ZAE000000220,AECI,ZA,EM
ZAE000004875,NEDBANK GROUP,ZA,EM
ZAE000005443,PICK N PAY STORES,ZA,EM
ZAE000006284,SAPPI,ZA,EM
ZAE000006896,SASOL,ZA,EM
ZAE000011953,NETCARE,ZA,EM
ZAE000012084,SHOPRITE,ZA,EM
ZAE000013181,ANGLO AMERICAN PLATINUM,ZA,EM
ZAE000015228,HARMONY GOLD MNG.,ZA,EM
ZAE000018123,GOLD FIELDS,ZA,EM
ZAE000022331,DISCOVERY,ZA,EM
ZAE000026480,REMGRO,ZA,EM
ZAE000026639,BARLOWORLD,ZA,EM
ZAE000028296,TRUWORTHS INTL.,ZA,EM
ZAE000042164,MTN GROUP,ZA,EM
ZAE000044897,TELKOM SA SOC,ZA,EM
ZAE000054045,AFRICAN RAINBOW MINERALS,ZA,EM
ZAE000057428,REUNERT,ZA,EM
ZAE000058517,SPAR GROUP,ZA,EM
ZAE000063863,WOOLWORTHS HDG.,ZA,EM
ZAE000066304,FIRSTRAND,ZA,EM
ZAE000066692,ASPEN PHMCR.HDG.,ZA,EM
ZAE000067211,IMPERIAL LOGISTICS DEAD - DELIST.15/03/22,ZA,EM
ZAE000070660,SANLAM,ZA,EM
ZAE000071080,TIGER BRANDS,ZA,EM
ZAE000072328,GRINDROD,ZA,EM
ZAE000073441,MURRAY & ROBERTS,ZA,EM
ZAE000083648,IMPALA PLATINUM,ZA,EM
ZAE000084992,EXXARO RESOURCES,ZA,EM
ZAE000093779,SANTAM,ZA,EM
ZAE000097580,SUN INTERNATIONAL,ZA,EM
ZAE000109815,STANDARD BANK GROUP,ZA,EM
ZAE000117321,BIDVEST GROUP,ZA,EM
ZAE000127148,LIBERTY HOLDINGS DEAD - DELIST.01/03/22,ZA,EM
ZAE000134961,ARCELORMITTAL SA.,ZA,EM
ZAE000170049,PPC,ZA,EM
ZAE000179420,GROWTHPOINT PROP,ZA,EM
ZAE000191342,ALTRON LIMITED A,ZA,EM
ZAE000255915,ABSA GROUP,ZA,EM
ZAE000298253,NORTHAM PLATINUM HLDGS,ZA,EM
ZAE000302618,AVENG,ZA,EM
ZAE000322095,NAMPAK,ZA,EM
